id,quality
15000,5
15001,6
15002,5
15003,6
15004,6
15005,5
15006,6
15007,5
15008,5
15009,5
15010,5
15011,6
15012,5
15013,5
15014,5
15015,5
15016,6
15017,6
15018,5
15019,6
15020,6
15021,5
15022,7
15023,6
15024,6
15025,6
15026,6
15027,6
15028,5
15029,5
15030,6
15031,5
15032,6
15033,6
15034,5
15035,6
15036,6
15037,6
15038,6
15039,5
15040,5
15041,5
15042,6
15043,6
15044,5
15045,5
15046,6
15047,6
15048,5
15049,6
15050,6
15051,5
15052,5
15053,5
15054,5
15055,5
15056,6
15057,6
15058,5
15059,5
15060,5
15061,6
15062,6
15063,5
15064,6
15065,6
15066,5
15067,6
15068,5
15069,5
15070,5
15071,6
15072,6
15073,5
15074,6
15075,6
15076,6
15077,5
15078,6
15079,5
15080,6
15081,6
15082,6
15083,6
15084,6
15085,5
15086,6
15087,6
15088,6
15089,6
15090,5
15091,6
15092,5
15093,6
15094,5
15095,5
15096,5
15097,5
15098,5
15099,5
15100,5
15101,6
15102,5
15103,6
15104,5
15105,5
15106,6
15107,6
15108,5
15109,5
15110,6
15111,5
15112,5
15113,6
15114,5
15115,5
15116,6
15117,6
15118,5
15119,6
15120,5
15121,5
15122,6
15123,5
15124,6
15125,5
15126,5
15127,6
15128,6
15129,6
15130,5
15131,5
15132,6
15133,6
15134,6
15135,5
15136,5
15137,6
15138,5
15139,6
15140,5
15141,6
15142,5
15143,5
15144,5
15145,5
15146,5
15147,6
15148,6
15149,5
15150,6
15151,7
15152,5
15153,5
15154,6
15155,5
15156,5
15157,5
15158,6
15159,5
15160,5
15161,5
15162,5
15163,6
15164,5
15165,5
15166,5
15167,5
15168,5
15169,6
15170,5
15171,5
15172,6
15173,5
15174,5
15175,6
15176,6
15177,5
15178,5
15179,5
15180,5
15181,6
15182,5
15183,6
15184,6
15185,6
15186,5
15187,5
15188,5
15189,5
15190,6
15191,5
15192,6
15193,6
15194,6
15195,5
15196,5
15197,5
15198,5
15199,6
15200,5
15201,6
15202,7
15203,5
15204,5
15205,5
15206,6
15207,6
15208,6
15209,5
15210,5
15211,6
15212,5
15213,6
15214,6
15215,6
15216,6
15217,5
15218,5
15219,5
15220,6
15221,5
15222,5
15223,5
15224,5
15225,6
15226,6
15227,6
15228,5
15229,5
15230,5
15231,5
15232,5
15233,6
15234,5
15235,5
15236,6
15237,5
15238,5
15239,5
15240,6
15241,5
15242,5
15243,6
15244,6
15245,7
15246,6
15247,6
15248,5
15249,6
15250,6
15251,5
15252,6
15253,6
15254,6
15255,5
15256,6
15257,6
15258,5
15259,6
15260,6
15261,5
15262,6
15263,5
15264,6
15265,6
15266,6
15267,6
15268,6
15269,5
15270,6
15271,5
15272,5
15273,6
15274,6
15275,5
15276,6
15277,5
15278,5
15279,5
15280,5
15281,5
15282,5
15283,5
15284,6
15285,5
15286,5
15287,5
15288,6
15289,5
15290,6
15291,5
15292,5
15293,6
15294,6
15295,6
15296,5
15297,6
15298,5
15299,6
15300,5
15301,6
15302,5
15303,5
15304,5
15305,6
15306,6
15307,5
15308,6
15309,6
15310,6
15311,5
15312,6
15313,5
15314,5
15315,6
15316,5
15317,6
15318,6
15319,5
15320,6
15321,5
15322,6
15323,6
15324,5
15325,5
15326,5
15327,5
15328,6
15329,5
15330,5
15331,6
15332,6
15333,6
15334,6
15335,5
15336,5
15337,5
15338,6
15339,6
15340,5
15341,5
15342,6
15343,6
15344,6
15345,5
15346,6
15347,5
15348,5
15349,6
15350,6
15351,6
15352,5
15353,5
15354,7
15355,6
15356,5
15357,6
15358,6
15359,5
15360,5
15361,5
15362,5
15363,6
15364,6
15365,6
15366,6
15367,5
15368,6
15369,6
15370,5
15371,5
15372,5
15373,7
15374,5
15375,5
15376,6
15377,6
15378,7
15379,6
15380,5
15381,6
15382,6
15383,5
15384,6
15385,6
15386,6
15387,5
15388,5
15389,5
15390,6
15391,6
15392,5
15393,5
15394,6
15395,5
15396,5
15397,5
15398,6
15399,5
15400,5
15401,6
15402,5
15403,6
15404,5
15405,6
15406,5
15407,6
15408,6
15409,5
15410,5
15411,5
15412,6
15413,6
15414,5
15415,5
15416,6
15417,5
15418,5
15419,6
15420,5
15421,5
15422,5
15423,6
15424,5
15425,6
15426,5
15427,6
15428,6
15429,6
15430,6
15431,6
15432,5
15433,5
15434,5
15435,5
15436,5
15437,6
15438,6
15439,6
15440,5
15441,6
15442,6
15443,5
15444,6
15445,5
15446,6
15447,6
15448,6
15449,6
15450,6
15451,5
15452,6
15453,5
15454,6
15455,6
15456,5
15457,5
15458,5
15459,5
15460,5
15461,6
15462,6
15463,6
15464,6
15465,6
15466,5
15467,5
15468,5
15469,6
15470,6
15471,6
15472,5
15473,5
15474,6
15475,5
15476,6
15477,5
15478,6
15479,6
15480,6
15481,5
15482,6
15483,6
15484,5
15485,6
15486,5
15487,6
15488,5
15489,5
15490,6
15491,5
15492,6
15493,5
15494,5
15495,6
15496,5
15497,5
15498,6
15499,6
15500,6
15501,6
15502,5
15503,5
15504,5
15505,6
15506,6
15507,6
15508,5
15509,6
15510,5
15511,5
15512,5
15513,6
15514,5
15515,5
15516,6
15517,6
15518,6
15519,6
15520,6
15521,6
15522,5
15523,5
15524,6
15525,6
15526,5
15527,5
15528,6
15529,5
15530,5
15531,5
15532,6
15533,6
15534,6
15535,6
15536,6
15537,6
15538,5
15539,6
15540,5
15541,5
15542,6
15543,5
15544,5
15545,5
15546,6
15547,6
15548,6
15549,5
15550,5
15551,6
15552,5
15553,5
15554,5
15555,5
15556,5
15557,6
15558,5
15559,5
15560,6
15561,5
15562,6
15563,5
15564,5
15565,6
15566,5
15567,6
15568,6
15569,6
15570,5
15571,6
15572,5
15573,5
15574,6
15575,5
15576,5
15577,6
15578,6
15579,5
15580,5
15581,5
15582,5
15583,5
15584,6
15585,6
15586,6
15587,6
15588,5
15589,6
15590,6
15591,5
15592,5
15593,5
15594,6
15595,5
15596,6
15597,6
15598,5
15599,6
15600,5
15601,5
15602,6
15603,5
15604,6
15605,6
15606,6
15607,6
15608,5
15609,6
15610,5
15611,6
15612,6
15613,5
15614,6
15615,5
15616,6
15617,5
15618,6
15619,6
15620,5
15621,6
15622,5
15623,6
15624,5
15625,6
15626,6
15627,5
15628,6
15629,6
15630,6
15631,6
15632,6
15633,6
15634,6
15635,5
15636,5
15637,6
15638,6
15639,6
15640,5
15641,5
15642,6
15643,6
15644,5
15645,6
15646,5
15647,6
15648,5
15649,5
15650,6
15651,5
15652,7
15653,5
15654,5
15655,6
15656,6
15657,5
15658,6
15659,6
15660,5
15661,6
15662,6
15663,5
15664,5
15665,5
15666,6
15667,5
15668,5
15669,5
15670,6
15671,6
15672,6
15673,7
15674,6
15675,5
15676,6
15677,5
15678,5
15679,6
15680,5
15681,6
15682,5
15683,6
15684,5
15685,5
15686,5
15687,5
15688,5
15689,5
15690,6
15691,5
15692,5
15693,6
15694,5
15695,6
15696,5
15697,5
15698,6
15699,6
15700,6
15701,5
15702,6
15703,5
15704,6
15705,6
15706,5
15707,5
15708,5
15709,5
15710,5
15711,5
15712,6
15713,5
15714,5
15715,5
15716,6
15717,5
15718,5
15719,6
15720,5
15721,5
15722,5
15723,5
15724,5
15725,5
15726,5
15727,5
15728,5
15729,5
15730,5
15731,5
15732,6
15733,5
15734,5
15735,6
15736,6
15737,6
15738,6
15739,6
15740,6
15741,5
15742,5
15743,5
15744,6
15745,5
15746,5
15747,6
15748,6
15749,5
15750,5
15751,6
15752,6
15753,6
15754,6
15755,5
15756,6
15757,6
15758,6
15759,6
15760,5
15761,5
15762,5
15763,5
15764,6
15765,6
15766,5
15767,5
15768,5
15769,6
15770,6
15771,6
15772,6
15773,5
15774,5
15775,5
15776,5
15777,6
15778,6
15779,6
15780,5
15781,6
15782,6
15783,6
15784,5
15785,6
15786,6
15787,5
15788,6
15789,6
15790,5
15791,6
15792,5
15793,6
15794,5
15795,5
15796,5
15797,6
15798,6
15799,5
15800,6
15801,6
15802,6
15803,6
15804,6
15805,6
15806,6
15807,6
15808,5
15809,5
15810,5
15811,6
15812,6
15813,7
15814,6
15815,5
15816,5
15817,6
15818,5
15819,5
15820,6
15821,5
15822,6
15823,5
15824,7
15825,6
15826,6
15827,6
15828,5
15829,6
15830,6
15831,5
15832,5
15833,5
15834,6
15835,5
15836,6
15837,5
15838,5
15839,6
15840,5
15841,5
15842,5
15843,6
15844,6
15845,5
15846,6
15847,5
15848,5
15849,5
15850,5
15851,6
15852,5
15853,6
15854,6
15855,6
15856,5
15857,5
15858,5
15859,5
15860,6
15861,5
15862,6
15863,5
15864,6
15865,5
15866,5
15867,6
15868,5
15869,7
15870,5
15871,5
15872,5
15873,5
15874,5
15875,6
15876,6
15877,6
15878,5
15879,5
15880,6
15881,6
15882,5
15883,5
15884,6
15885,5
15886,5
15887,6
15888,5
15889,5
15890,6
15891,6
15892,5
15893,6
15894,5
15895,5
15896,6
15897,6
15898,6
15899,5
15900,5
15901,5
15902,6
15903,5
15904,5
15905,5
15906,6
15907,6
15908,5
15909,5
15910,5
15911,5
15912,5
15913,6
15914,5
15915,6
15916,6
15917,5
15918,6
15919,6
15920,5
15921,6
15922,5
15923,6
15924,5
15925,5
15926,5
15927,6
15928,5
15929,6
15930,5
15931,6
15932,5
15933,6
15934,5
15935,5
15936,6
15937,6
15938,6
15939,6
15940,6
15941,6
15942,5
15943,5
15944,6
15945,7
15946,6
15947,5
15948,6
15949,5
15950,6
15951,5
15952,7
15953,5
15954,6
15955,6
15956,6
15957,5
15958,5
15959,6
15960,6
15961,6
15962,6
15963,5
15964,5
15965,5
15966,5
15967,5
15968,6
15969,5
15970,6
15971,5
15972,5
15973,5
15974,5
15975,6
15976,6
15977,5
15978,5
15979,6
15980,5
15981,6
15982,5
15983,5
15984,5
15985,6
15986,6
15987,5
15988,5
15989,6
15990,5
15991,6
15992,5
15993,6
15994,5
15995,5
15996,5
15997,6
15998,5
15999,6
16000,5
16001,5
16002,5
16003,6
16004,5
16005,5
16006,5
16007,5
16008,6
16009,6
16010,5
16011,6
16012,5
16013,5
16014,5
16015,5
16016,5
16017,5
16018,5
16019,6
16020,6
16021,5
16022,6
16023,5
16024,6
16025,5
16026,6
16027,5
16028,5
16029,6
16030,6
16031,6
16032,6
16033,6
16034,5
16035,6
16036,5
16037,6
16038,5
16039,6
16040,5
16041,6
16042,5
16043,6
16044,6
16045,5
16046,5
16047,5
16048,5
16049,5
16050,6
16051,5
16052,5
16053,6
16054,5
16055,6
16056,6
16057,5
16058,6
16059,5
16060,5
16061,6
16062,5
16063,6
16064,6
16065,5
16066,6
16067,6
16068,5
16069,6
16070,6
16071,5
16072,5
16073,5
16074,5
16075,5
16076,5
16077,5
16078,5
16079,6
16080,5
16081,6
16082,6
16083,6
16084,5
16085,6
16086,6
16087,6
16088,6
16089,6
16090,5
16091,5
16092,5
16093,5
16094,5
16095,6
16096,6
16097,7
16098,6
16099,6
16100,5
16101,5
16102,5
16103,6
16104,6
16105,5
16106,6
16107,6
16108,5
16109,6
16110,6
16111,5
16112,5
16113,6
16114,6
16115,5
16116,6
16117,6
16118,5
16119,5
16120,5
16121,6
16122,6
16123,5
16124,5
16125,6
16126,5
16127,5
16128,6
16129,6
16130,6
16131,5
16132,6
16133,6
16134,5
16135,5
16136,6
16137,6
16138,5
16139,5
16140,5
16141,6
16142,5
16143,5
16144,5
16145,6
16146,5
16147,5
16148,5
16149,5
16150,5
16151,6
16152,5
16153,6
16154,5
16155,5
16156,5
16157,5
16158,5
16159,6
16160,5
16161,5
16162,6
16163,5
16164,6
16165,6
16166,5
16167,6
16168,5
16169,5
16170,6
16171,5
16172,6
16173,6
16174,5
16175,5
16176,5
16177,6
16178,6
16179,6
16180,6
16181,6
16182,5
16183,6
16184,5
16185,5
16186,6
16187,5
16188,6
16189,6
16190,6
16191,5
16192,5
16193,6
16194,5
16195,5
16196,6
16197,5
16198,5
16199,5
16200,5
16201,5
16202,6
16203,5
16204,5
16205,6
16206,6
16207,5
16208,5
16209,5
16210,6
16211,6
16212,5
16213,6
16214,6
16215,6
16216,6
16217,5
16218,6
16219,6
16220,5
16221,6
16222,6
16223,5
16224,6
16225,5
16226,6
16227,6
16228,6
16229,7
16230,6
16231,5
16232,6
16233,6
16234,5
16235,5
16236,6
16237,5
16238,6
16239,6
16240,5
16241,6
16242,5
16243,6
16244,6
16245,6
16246,7
16247,5
16248,6
16249,5
16250,5
16251,5
16252,5
16253,5
16254,5
16255,5
16256,6
16257,5
16258,6
16259,5
16260,6
16261,6
16262,5
16263,6
16264,6
16265,5
16266,6
16267,5
16268,6
16269,6
16270,6
16271,5
16272,5
16273,6
16274,5
16275,6
16276,6
16277,6
16278,5
16279,6
16280,5
16281,5
16282,5
16283,5
16284,5
16285,6
16286,5
16287,6
16288,5
16289,6
16290,6
16291,6
16292,6
16293,6
16294,6
16295,6
16296,5
16297,5
16298,6
16299,6
16300,6
16301,5
16302,5
16303,6
16304,6
16305,5
16306,5
16307,5
16308,5
16309,5
16310,6
16311,5
16312,5
16313,6
16314,5
16315,5
16316,6
16317,5
16318,5
16319,6
16320,6
16321,6
16322,6
16323,5
16324,5
16325,5
16326,5
16327,6
16328,5
16329,6
16330,5
16331,6
16332,5
16333,5
16334,5
16335,5
16336,5
16337,6
16338,6
16339,5
16340,6
16341,5
16342,5
16343,5
16344,6
16345,6
16346,5
16347,6
16348,6
16349,5
16350,5
16351,5
16352,5
16353,6
16354,5
16355,6
16356,5
16357,6
16358,5
16359,6
16360,6
16361,6
16362,5
16363,5
16364,6
16365,5
16366,5
16367,6
16368,6
16369,6
16370,6
16371,6
16372,6
16373,5
16374,5
16375,5
16376,5
16377,5
16378,6
16379,5
16380,6
16381,5
16382,6
16383,6
16384,5
16385,5
16386,5
16387,5
16388,5
16389,6
16390,5
16391,6
16392,6
16393,5
16394,5
16395,6
16396,6
16397,5
16398,5
16399,5
16400,6
16401,5
16402,6
16403,6
16404,5
16405,6
16406,6
16407,5
16408,5
16409,6
16410,5
16411,5
16412,5
16413,6
16414,5
16415,6
16416,5
16417,6
16418,5
16419,5
16420,6
16421,5
16422,5
16423,5
16424,5
16425,5
16426,7
16427,5
16428,7
16429,5
16430,5
16431,5
16432,5
16433,5
16434,5
16435,5
16436,5
16437,5
16438,5
16439,5
16440,5
16441,5
16442,6
16443,5
16444,6
16445,6
16446,5
16447,6
16448,6
16449,6
16450,6
16451,5
16452,5
16453,5
16454,5
16455,6
16456,5
16457,5
16458,6
16459,6
16460,5
16461,5
16462,6
16463,5
16464,6
16465,5
16466,6
16467,5
16468,6
16469,5
16470,5
16471,5
16472,6
16473,6
16474,5
16475,5
16476,5
16477,5
16478,5
16479,6
16480,6
16481,6
16482,6
16483,6
16484,5
16485,5
16486,5
16487,6
16488,5
16489,5
16490,5
16491,5
16492,5
16493,6
16494,5
16495,6
16496,6
16497,6
16498,5
16499,5
16500,5
16501,6
16502,6
16503,5
16504,6
16505,6
16506,6
16507,6
16508,6
16509,5
16510,5
16511,6
16512,5
16513,5
16514,6
16515,6
16516,6
16517,6
16518,5
16519,5
16520,6
16521,5
16522,5
16523,6
16524,5
16525,6
16526,6
16527,6
16528,5
16529,6
16530,5
16531,5
16532,5
16533,6
16534,5
16535,6
16536,6
16537,6
16538,5
16539,6
16540,5
16541,6
16542,5
16543,5
16544,5
16545,5
16546,5
16547,6
16548,6
16549,6
16550,5
16551,6
16552,6
16553,6
16554,5
16555,6
16556,5
16557,5
16558,5
16559,6
16560,5
16561,6
16562,6
16563,5
16564,5
16565,6
16566,5
16567,5
16568,6
16569,5
16570,5
16571,5
16572,6
16573,5
16574,6
16575,6
16576,6
16577,7
16578,5
16579,6
16580,5
16581,6
16582,6
16583,5
16584,6
16585,6
16586,6
16587,5
16588,6
16589,6
16590,6
16591,6
16592,5
16593,5
16594,6
16595,5
16596,6
16597,6
16598,6
16599,6
16600,6
16601,5
16602,6
16603,6
16604,5
16605,6
16606,6
16607,5
16608,5
16609,5
16610,6
16611,5
16612,5
16613,6
16614,5
16615,6
16616,6
16617,6
16618,5
16619,6
16620,6
16621,5
16622,5
16623,5
16624,5
16625,5
16626,6
16627,5
16628,7
16629,6
16630,6
16631,6
16632,6
16633,6
16634,6
16635,5
16636,5
16637,6
16638,5
16639,5
16640,5
16641,6
16642,6
16643,5
16644,6
16645,5
16646,6
16647,5
16648,6
16649,7
16650,5
16651,5
16652,6
16653,6
16654,5
16655,6
16656,6
16657,5
16658,5
16659,5
16660,6
16661,6
16662,5
16663,5
16664,5
16665,6
16666,5
16667,5
16668,5
16669,5
16670,6
16671,5
16672,6
16673,6
16674,5
16675,6
16676,6
16677,6
16678,5
16679,6
16680,6
16681,5
16682,6
16683,6
16684,6
16685,5
16686,6
16687,6
16688,6
16689,6
16690,5
16691,5
16692,5
16693,5
16694,6
16695,5
16696,5
16697,6
16698,5
16699,5
16700,5
16701,5
16702,5
16703,6
16704,6
16705,6
16706,6
16707,6
16708,5
16709,6
16710,6
16711,6
16712,5
16713,6
16714,5
16715,6
16716,5
16717,6
16718,5
16719,5
16720,6
16721,5
16722,5
16723,6
16724,5
16725,6
16726,5
16727,6
16728,6
16729,5
16730,5
16731,6
16732,5
16733,6
16734,6
16735,6
16736,6
16737,6
16738,5
16739,5
16740,5
16741,6
16742,5
16743,5
16744,6
16745,6
16746,5
16747,5
16748,6
16749,5
16750,6
16751,6
16752,6
16753,5
16754,6
16755,6
16756,7
16757,6
16758,5
16759,5
16760,6
16761,5
16762,5
16763,6
16764,6
16765,5
16766,5
16767,6
16768,5
16769,6
16770,5
16771,5
16772,5
16773,6
16774,5
16775,5
16776,6
16777,6
16778,6
16779,5
16780,5
16781,5
16782,6
16783,5
16784,6
16785,5
16786,5
16787,5
16788,6
16789,7
16790,5
16791,6
16792,6
16793,6
16794,6
16795,5
16796,5
16797,6
16798,5
16799,5
16800,5
16801,5
16802,5
16803,5
16804,6
16805,5
16806,5
16807,5
16808,6
16809,5
16810,5
16811,5
16812,6
16813,5
16814,5
16815,5
16816,5
16817,5
16818,6
16819,5
16820,6
16821,6
16822,5
16823,6
16824,5
16825,6
16826,5
16827,5
16828,5
16829,5
16830,6
16831,6
16832,5
16833,5
16834,5
16835,6
16836,6
16837,6
16838,5
16839,5
16840,5
16841,6
16842,6
16843,5
16844,5
16845,5
16846,5
16847,5
16848,5
16849,6
16850,5
16851,5
16852,5
16853,6
16854,6
16855,6
16856,5
16857,6
16858,6
16859,6
16860,6
16861,5
16862,6
16863,5
16864,5
16865,6
16866,5
16867,5
16868,5
16869,5
16870,6
16871,6
16872,5
16873,7
16874,5
16875,5
16876,5
16877,6
16878,5
16879,5
16880,6
16881,5
16882,5
16883,6
16884,6
16885,5
16886,6
16887,6
16888,6
16889,6
16890,5
16891,6
16892,5
16893,5
16894,6
16895,5
16896,5
16897,6
16898,6
16899,5
16900,6
16901,5
16902,6
16903,6
16904,5
16905,6
16906,5
16907,6
16908,6
16909,6
16910,5
16911,5
16912,6
16913,6
16914,5
16915,5
16916,5
16917,6
16918,6
16919,5
16920,6
16921,6
16922,6
16923,5
16924,6
16925,5
16926,6
16927,6
16928,6
16929,5
16930,5
16931,5
16932,5
16933,5
16934,6
16935,6
16936,6
16937,5
16938,5
16939,6
16940,6
16941,6
16942,6
16943,5
16944,6
16945,6
16946,6
16947,6
16948,6
16949,6
16950,6
16951,5
16952,5
16953,5
16954,6
16955,6
16956,5
16957,6
16958,6
16959,5
16960,6
16961,6
16962,5
16963,6
16964,6
16965,5
16966,5
16967,5
16968,5
16969,6
16970,5
16971,7
16972,5
16973,5
16974,6
16975,5
16976,5
16977,6
16978,5
16979,5
16980,6
16981,6
16982,5
16983,5
16984,5
16985,6
16986,5
16987,5
16988,6
16989,6
16990,7
16991,5
16992,5
16993,6
16994,5
16995,6
16996,5
16997,5
16998,6
16999,6
17000,6
17001,5
17002,6
17003,6
17004,6
17005,6
17006,6
17007,6
17008,6
17009,6
17010,6
17011,6
17012,5
17013,6
17014,6
17015,6
17016,6
17017,6
17018,5
17019,6
17020,7
17021,5
17022,6
17023,6
17024,6
17025,5
17026,6
17027,6
17028,6
17029,5
17030,6
17031,6
17032,6
17033,6
17034,5
17035,5
17036,6
17037,6
17038,6
17039,6
17040,5
17041,5
17042,6
17043,5
17044,5
17045,6
17046,6
17047,6
17048,6
17049,7
17050,6
17051,6
17052,6
17053,6
17054,6
17055,5
17056,5
17057,5
17058,5
17059,6
17060,5
17061,6
17062,6
17063,6
17064,6
17065,5
17066,6
17067,5
17068,5
17069,5
17070,5
17071,5
17072,6
17073,6
17074,6
17075,6
17076,6
17077,5
17078,5
17079,6
17080,5
17081,5
17082,6
17083,6
17084,5
17085,5
17086,5
17087,5
17088,6
17089,5
17090,6
17091,5
17092,5
17093,5
17094,5
17095,5
17096,6
17097,5
17098,5
17099,5
17100,6
17101,5
17102,6
17103,5
17104,7
17105,5
17106,5
17107,6
17108,6
17109,6
17110,6
17111,5
17112,5
17113,5
17114,5
17115,6
17116,6
17117,6
17118,6
17119,5
17120,5
17121,6
17122,5
17123,5
17124,5
17125,5
17126,5
17127,6
17128,5
17129,5
17130,5
17131,5
17132,6
17133,5
17134,5
17135,5
17136,5
17137,6
17138,5
17139,5
17140,6
17141,6
17142,6
17143,5
17144,5
17145,6
17146,6
17147,5
17148,5
17149,5
17150,5
17151,6
17152,5
17153,5
17154,5
17155,6
17156,6
17157,5
17158,5
17159,5
17160,5
17161,5
17162,6
17163,5
17164,5
17165,6
17166,5
17167,6
17168,5
17169,5
17170,6
17171,5
17172,6
17173,6
17174,6
17175,5
17176,5
17177,5
17178,5
17179,6
17180,5
17181,6
17182,6
17183,5
17184,6
17185,5
17186,6
17187,6
17188,5
17189,5
17190,6
17191,6
17192,6
17193,5
17194,6
17195,5
17196,5
17197,5
17198,6
17199,5
17200,5
17201,5
17202,5
17203,5
17204,6
17205,5
17206,6
17207,6
17208,6
17209,6
17210,6
17211,5
17212,5
17213,5
17214,6
17215,5
17216,6
17217,5
17218,5
17219,5
17220,6
17221,6
17222,6
17223,6
17224,5
17225,6
17226,6
17227,5
17228,5
17229,6
17230,5
17231,5
17232,6
17233,6
17234,6
17235,6
17236,6
17237,5
17238,5
17239,5
17240,5
17241,6
17242,6
17243,6
17244,6
17245,6
17246,6
17247,5
17248,5
17249,5
17250,6
17251,6
17252,6
17253,5
17254,6
17255,5
17256,5
17257,6
17258,5
17259,5
17260,6
17261,5
17262,5
17263,5
17264,6
17265,6
17266,5
17267,6
17268,5
17269,5
17270,6
17271,5
17272,6
17273,6
17274,5
17275,6
17276,5
17277,6
17278,5
17279,6
17280,5
17281,5
17282,5
17283,5
17284,6
17285,6
17286,5
17287,5
17288,5
17289,5
17290,5
17291,6
17292,5
17293,5
17294,5
17295,5
17296,5
17297,5
17298,5
17299,6
17300,6
17301,6
17302,6
17303,6
17304,5
17305,6
17306,5
17307,5
17308,5
17309,6
17310,6
17311,6
17312,6
17313,5
17314,6
17315,6
17316,6
17317,5
17318,5
17319,6
17320,6
17321,5
17322,5
17323,5
17324,6
17325,5
17326,6
17327,5
17328,5
17329,5
17330,6
17331,5
17332,5
17333,6
17334,6
17335,6
17336,6
17337,5
17338,5
17339,5
17340,6
17341,6
17342,5
17343,6
17344,6
17345,5
17346,6
17347,6
17348,6
17349,6
17350,5
17351,5
17352,5
17353,6
17354,6
17355,5
17356,5
17357,6
17358,5
17359,5
17360,5
17361,5
17362,6
17363,7
17364,5
17365,6
17366,6
17367,5
17368,5
17369,6
17370,6
17371,6
17372,6
17373,6
17374,6
17375,5
17376,5
17377,5
17378,6
17379,6
17380,6
17381,6
17382,6
17383,6
17384,6
17385,6
17386,5
17387,6
17388,5
17389,6
17390,6
17391,5
17392,6
17393,6
17394,6
17395,6
17396,6
17397,5
17398,6
17399,6
17400,6
17401,5
17402,6
17403,5
17404,6
17405,6
17406,6
17407,6
17408,6
17409,6
17410,6
17411,6
17412,6
17413,6
17414,5
17415,6
17416,5
17417,6
17418,5
17419,5
17420,6
17421,6
17422,5
17423,5
17424,5
17425,6
17426,5
17427,7
17428,5
17429,5
17430,5
17431,5
17432,6
17433,6
17434,5
17435,6
17436,5
17437,6
17438,5
17439,6
17440,6
17441,5
17442,6
17443,5
17444,6
17445,5
17446,5
17447,6
17448,6
17449,6
17450,6
17451,6
17452,5
17453,5
17454,5
17455,5
17456,6
17457,5
17458,6
17459,6
17460,6
17461,5
17462,5
17463,5
17464,5
17465,6
17466,5
17467,6
17468,5
17469,6
17470,5
17471,6
17472,6
17473,5
17474,5
17475,5
17476,5
17477,6
17478,6
17479,6
17480,6
17481,5
17482,5
17483,5
17484,5
17485,6
17486,6
17487,6
17488,6
17489,6
17490,6
17491,5
17492,5
17493,5
17494,6
17495,5
17496,5
17497,6
17498,6
17499,5
17500,6
17501,6
17502,5
17503,6
17504,6
17505,6
17506,5
17507,6
17508,5
17509,6
17510,5
17511,6
17512,5
17513,6
17514,5
17515,5
17516,5
17517,6
17518,5
17519,5
17520,5
17521,5
17522,5
17523,5
17524,5
17525,6
17526,7
17527,6
17528,5
17529,6
17530,5
17531,5
17532,5
17533,6
17534,5
17535,5
17536,5
17537,6
17538,5
17539,6
17540,5
17541,6
17542,6
17543,5
17544,5
17545,5
17546,5
17547,5
17548,6
17549,5
17550,6
17551,5
17552,5
17553,5
17554,6
17555,5
17556,7
17557,6
17558,5
17559,6
17560,6
17561,5
17562,6
17563,6
17564,5
17565,6
17566,5
17567,6
17568,6
17569,6
17570,6
17571,6
17572,5
17573,5
17574,6
17575,5
17576,5
17577,5
17578,6
17579,5
17580,5
17581,5
17582,5
17583,6
17584,5
17585,6
17586,6
17587,6
17588,6
17589,6
17590,6
17591,6
17592,5
17593,6
17594,5
17595,5
17596,5
17597,5
17598,6
17599,6
17600,5
17601,5
17602,5
17603,5
17604,5
17605,5
17606,6
17607,6
17608,5
17609,6
17610,6
17611,5
17612,5
17613,5
17614,6
17615,6
17616,7
17617,5
17618,5
17619,6
17620,5
17621,5
17622,5
17623,5
17624,5
17625,6
17626,5
17627,6
17628,6
17629,6
17630,7
17631,6
17632,5
17633,6
17634,7
17635,5
17636,5
17637,5
17638,5
17639,6
17640,6
17641,5
17642,5
17643,6
17644,6
17645,6
17646,5
17647,5
17648,6
17649,6
17650,5
17651,5
17652,5
17653,6
17654,5
17655,5
17656,6
17657,6
17658,5
17659,5
17660,6
17661,5
17662,6
17663,6
17664,5
17665,5
17666,6
17667,5
17668,5
17669,6
17670,5
17671,5
17672,5
17673,7
17674,5
17675,5
17676,6
17677,6
17678,6
17679,5
17680,6
17681,6
17682,6
17683,6
17684,6
17685,5
17686,6
17687,5
17688,5
17689,5
17690,5
17691,6
17692,6
17693,6
17694,6
17695,5
17696,6
17697,5
17698,6
17699,5
17700,5
17701,6
17702,6
17703,5
17704,5
17705,5
17706,6
17707,5
17708,6
17709,6
17710,5
17711,6
17712,5
17713,6
17714,6
17715,6
17716,6
17717,6
17718,6
17719,5
17720,6
17721,5
17722,6
17723,6
17724,5
17725,6
17726,5
17727,6
17728,6
17729,5
17730,5
17731,5
17732,6
17733,6
17734,6
17735,6
17736,5
17737,5
17738,6
17739,5
17740,5
17741,5
17742,6
17743,5
17744,5
17745,6
17746,6
17747,5
17748,5
17749,5
17750,6
17751,6
17752,6
17753,5
17754,5
17755,5
17756,6
17757,5
17758,5
17759,5
17760,5
17761,6
17762,5
17763,6
17764,7
17765,5
17766,6
17767,5
17768,5
17769,6
17770,5
17771,6
17772,5
17773,6
17774,5
17775,5
17776,5
17777,6
17778,5
17779,5
17780,5
17781,6
17782,7
17783,6
17784,6
17785,6
17786,5
17787,5
17788,6
17789,6
17790,5
17791,5
17792,6
17793,5
17794,6
17795,5
17796,5
17797,6
17798,5
17799,5
17800,6
17801,5
17802,5
17803,5
17804,6
17805,5
17806,6
17807,5
17808,6
17809,5
17810,5
17811,5
17812,6
17813,6
17814,5
17815,6
17816,5
17817,6
17818,6
17819,5
17820,6
17821,5
17822,5
17823,5
17824,6
17825,5
17826,6
17827,6
17828,5
17829,5
17830,5
17831,6
17832,5
17833,6
17834,6
17835,5
17836,5
17837,6
17838,6
17839,5
17840,5
17841,5
17842,6
17843,6
17844,6
17845,5
17846,6
17847,6
17848,5
17849,5
17850,5
17851,6
17852,5
17853,6
17854,5
17855,5
17856,5
17857,6
17858,6
17859,6
17860,5
17861,5
17862,5
17863,5
17864,6
17865,6
17866,6
17867,6
17868,6
17869,6
17870,6
17871,6
17872,5
17873,6
17874,6
17875,6
17876,5
17877,5
17878,5
17879,5
17880,6
17881,5
17882,6
17883,5
17884,5
17885,5
17886,5
17887,6
17888,5
17889,5
17890,6
17891,6
17892,5
17893,6
17894,5
17895,5
17896,5
17897,6
17898,5
17899,5
17900,5
17901,5
17902,6
17903,5
17904,6
17905,6
17906,6
17907,6
17908,5
17909,5
17910,5
17911,6
17912,5
17913,6
17914,6
17915,6
17916,5
17917,6
17918,6
17919,6
17920,5
17921,6
17922,6
17923,5
17924,6
17925,5
17926,5
17927,5
17928,5
17929,5
17930,6
17931,5
17932,5
17933,6
17934,5
17935,5
17936,6
17937,6
17938,6
17939,5
17940,5
17941,6
17942,6
17943,6
17944,6
17945,6
17946,5
17947,5
17948,5
17949,5
17950,6
17951,6
17952,6
17953,5
17954,6
17955,6
17956,5
17957,6
17958,5
17959,5
17960,5
17961,5
17962,5
17963,6
17964,5
17965,5
17966,5
17967,5
17968,5
17969,5
17970,5
17971,5
17972,5
17973,6
17974,5
17975,5
17976,5
17977,5
17978,5
17979,5
17980,5
17981,6
17982,6
17983,5
17984,6
17985,6
17986,6
17987,5
17988,6
17989,5
17990,6
17991,6
17992,5
17993,6
17994,6
17995,6
17996,5
17997,6
17998,5
17999,6
18000,6
18001,6
18002,6
18003,6
18004,6
18005,5
18006,5
18007,5
18008,6
18009,5
18010,5
18011,5
18012,5
18013,5
18014,5
18015,5
18016,5
18017,6
18018,6
18019,5
18020,6
18021,5
18022,6
18023,6
18024,5
18025,6
18026,6
18027,6
18028,6
18029,5
18030,6
18031,5
18032,6
18033,6
18034,5
18035,5
18036,5
18037,6
18038,6
18039,6
18040,5
18041,6
18042,5
18043,5
18044,5
18045,5
18046,6
18047,6
18048,5
18049,6
18050,5
18051,5
18052,6
18053,6
18054,6
18055,5
18056,5
18057,5
18058,5
18059,5
18060,5
18061,5
18062,6
18063,6
18064,5
18065,5
18066,5
18067,5
18068,6
18069,6
18070,5
18071,5
18072,6
18073,6
18074,6
18075,5
18076,6
18077,5
18078,6
18079,6
18080,6
18081,5
18082,6
18083,6
18084,6
18085,5
18086,6
18087,5
18088,6
18089,5
18090,5
18091,6
18092,5
18093,5
18094,5
18095,5
18096,6
18097,5
18098,6
18099,6
18100,5
18101,6
18102,6
18103,6
18104,6
18105,5
18106,6
18107,5
18108,6
18109,5
18110,5
18111,6
18112,5
18113,6
18114,5
18115,6
18116,6
18117,5
18118,5
18119,5
18120,5
18121,6
18122,5
18123,5
18124,5
18125,5
18126,5
18127,6
18128,5
18129,6
18130,6
18131,6
18132,5
18133,5
18134,6
18135,5
18136,6
18137,5
18138,6
18139,6
18140,5
18141,6
18142,6
18143,6
18144,5
18145,5
18146,6
18147,6
18148,6
18149,5
18150,6
18151,5
18152,5
18153,5
18154,6
18155,5
18156,6
18157,5
18158,6
18159,6
18160,6
18161,6
18162,6
18163,5
18164,5
18165,5
18166,7
18167,5
18168,5
18169,5
18170,5
18171,5
18172,6
18173,5
18174,6
18175,6
18176,5
18177,6
18178,5
18179,6
18180,6
18181,5
18182,5
18183,6
18184,6
18185,6
18186,5
18187,5
18188,5
18189,5
18190,5
18191,5
18192,6
18193,5
18194,6
18195,5
18196,6
18197,5
18198,6
18199,5
18200,6
18201,5
18202,5
18203,5
18204,6
18205,5
18206,5
18207,5
18208,6
18209,6
18210,5
18211,5
18212,6
18213,6
18214,5
18215,6
18216,5
18217,5
18218,5
18219,6
18220,5
18221,6
18222,5
18223,6
18224,5
18225,6
18226,5
18227,5
18228,6
18229,6
18230,6
18231,5
18232,5
18233,6
18234,6
18235,6
18236,5
18237,5
18238,6
18239,5
18240,6
18241,6
18242,5
18243,6
18244,6
18245,5
18246,6
18247,5
18248,5
18249,6
18250,6
18251,6
18252,6
18253,5
18254,6
18255,6
18256,5
18257,5
18258,6
18259,6
18260,5
18261,5
18262,6
18263,5
18264,6
18265,5
18266,5
18267,6
18268,6
18269,5
18270,6
18271,5
18272,6
18273,6
18274,5
18275,6
18276,5
18277,6
18278,5
18279,5
18280,6
18281,6
18282,6
18283,6
18284,5
18285,6
18286,6
18287,6
18288,5
18289,5
18290,5
18291,6
18292,7
18293,6
18294,5
18295,5
18296,6
18297,6
18298,6
18299,6
18300,6
18301,5
18302,6
18303,6
18304,6
18305,6
18306,5
18307,5
18308,5
18309,5
18310,6
18311,5
18312,5
18313,5
18314,5
18315,6
18316,5
18317,5
18318,5
18319,5
18320,5
18321,6
18322,6
18323,6
18324,6
18325,7
18326,5
18327,5
18328,6
18329,5
18330,6
18331,5
18332,5
18333,6
18334,5
18335,6
18336,5
18337,6
18338,6
18339,5
18340,6
18341,5
18342,6
18343,6
18344,5
18345,6
18346,5
18347,6
18348,5
18349,6
18350,6
18351,5
18352,5
18353,6
18354,5
18355,6
18356,6
18357,6
18358,6
18359,5
18360,5
18361,6
18362,6
18363,6
18364,5
18365,6
18366,5
18367,5
18368,6
18369,6
18370,6
18371,6
18372,6
18373,6
18374,6
18375,6
18376,5
18377,6
18378,5
18379,5
18380,6
18381,5
18382,6
18383,6
18384,5
18385,6
18386,5
18387,5
18388,5
18389,5
18390,6
18391,6
18392,5
18393,6
18394,6
18395,5
18396,5
18397,6
18398,6
18399,6
18400,5
18401,6
18402,6
18403,5
18404,6
18405,6
18406,5
18407,5
18408,6
18409,5
18410,5
18411,5
18412,5
18413,5
18414,6
18415,6
18416,5
18417,5
18418,5
18419,5
18420,6
18421,5
18422,5
18423,5
18424,5
18425,6
18426,5
18427,6
18428,6
18429,6
18430,6
18431,6
18432,5
18433,5
18434,5
18435,5
18436,6
18437,6
18438,6
18439,5
18440,5
18441,6
18442,6
18443,6
18444,5
18445,5
18446,5
18447,6
18448,5
18449,5
18450,6
18451,6
18452,6
18453,6
18454,5
18455,7
18456,5
18457,6
18458,6
18459,5
18460,5
18461,6
18462,5
18463,6
18464,5
18465,6
18466,6
18467,5
18468,5
18469,5
18470,5
18471,5
18472,5
18473,5
18474,5
18475,6
18476,6
18477,5
18478,6
18479,6
18480,5
18481,6
18482,5
18483,6
18484,6
18485,5
18486,6
18487,5
18488,5
18489,6
18490,6
18491,5
18492,5
18493,6
18494,5
18495,6
18496,5
18497,6
18498,6
18499,5
18500,5
18501,5
18502,5
18503,5
18504,6
18505,7
18506,7
18507,5
18508,6
18509,5
18510,6
18511,6
18512,6
18513,5
18514,5
18515,6
18516,6
18517,5
18518,5
18519,5
18520,5
18521,6
18522,6
18523,5
18524,5
18525,5
18526,5
18527,6
18528,6
18529,6
18530,6
18531,6
18532,5
18533,5
18534,5
18535,5
18536,5
18537,5
18538,6
18539,5
18540,5
18541,6
18542,6
18543,6
18544,6
18545,5
18546,6
18547,6
18548,6
18549,5
18550,5
18551,6
18552,5
18553,5
18554,6
18555,6
18556,6
18557,5
18558,5
18559,5
18560,5
18561,5
18562,5
18563,5
18564,5
18565,5
18566,6
18567,6
18568,6
18569,6
18570,6
18571,5
18572,6
18573,6
18574,5
18575,6
18576,6
18577,6
18578,6
18579,6
18580,5
18581,6
18582,5
18583,5
18584,5
18585,6
18586,6
18587,5
18588,5
18589,5
18590,5
18591,5
18592,5
18593,5
18594,6
18595,5
18596,6
18597,6
18598,6
18599,6
18600,6
18601,5
18602,6
18603,5
18604,5
18605,6
18606,5
18607,6
18608,5
18609,5
18610,5
18611,5
18612,5
18613,5
18614,6
18615,5
18616,6
18617,6
18618,6
18619,6
18620,6
18621,5
18622,5
18623,6
18624,5
18625,5
18626,5
18627,6
18628,6
18629,5
18630,5
18631,5
18632,5
18633,6
18634,6
18635,6
18636,5
18637,5
18638,5
18639,6
18640,5
18641,6
18642,5
18643,5
18644,5
18645,5
18646,6
18647,5
18648,5
18649,5
18650,5
18651,6
18652,5
18653,5
18654,5
18655,5
18656,6
18657,6
18658,6
18659,5
18660,6
18661,6
18662,5
18663,5
18664,6
18665,6
18666,6
18667,5
18668,5
18669,5
18670,6
18671,6
18672,6
18673,5
18674,6
18675,5
18676,5
18677,5
18678,6
18679,6
18680,5
18681,5
18682,5
18683,6
18684,5
18685,5
18686,6
18687,5
18688,5
18689,6
18690,6
18691,5
18692,6
18693,5
18694,6
18695,6
18696,6
18697,6
18698,6
18699,5
18700,6
18701,6
18702,6
18703,6
18704,5
18705,5
18706,5
18707,6
18708,5
18709,5
18710,5
18711,6
18712,5
18713,5
18714,6
18715,6
18716,6
18717,5
18718,5
18719,5
18720,5
18721,5
18722,5
18723,5
18724,6
18725,5
18726,5
18727,6
18728,5
18729,5
18730,6
18731,5
18732,5
18733,6
18734,6
18735,6
18736,6
18737,6
18738,5
18739,6
18740,5
18741,5
18742,6
18743,6
18744,5
18745,5
18746,6
18747,6
18748,5
18749,6
18750,6
18751,5
18752,6
18753,5
18754,6
18755,5
18756,6
18757,6
18758,6
18759,5
18760,6
18761,6
18762,5
18763,5
18764,5
18765,6
18766,5
18767,5
18768,5
18769,5
18770,6
18771,6
18772,5
18773,5
18774,6
18775,6
18776,6
18777,6
18778,6
18779,6
18780,5
18781,5
18782,6
18783,6
18784,6
18785,6
18786,6
18787,6
18788,5
18789,6
18790,6
18791,6
18792,5
18793,5
18794,5
18795,5
18796,6
18797,5
18798,6
18799,5
18800,6
18801,7
18802,6
18803,6
18804,6
18805,5
18806,6
18807,5
18808,5
18809,6
18810,5
18811,5
18812,7
18813,5
18814,5
18815,6
18816,6
18817,5
18818,6
18819,6
18820,5
18821,6
18822,5
18823,5
18824,6
18825,5
18826,5
18827,5
18828,6
18829,6
18830,5
18831,6
18832,6
18833,5
18834,5
18835,5
18836,5
18837,5
18838,6
18839,6
18840,5
18841,5
18842,5
18843,7
18844,6
18845,6
18846,5
18847,5
18848,6
18849,5
18850,5
18851,5
18852,5
18853,6
18854,6
18855,6
18856,6
18857,5
18858,6
18859,5
18860,6
18861,6
18862,5
18863,6
18864,6
18865,5
18866,6
18867,6
18868,5
18869,5
18870,5
18871,6
18872,5
18873,5
18874,6
18875,5
18876,6
18877,5
18878,6
18879,5
18880,6
18881,5
18882,5
18883,6
18884,5
18885,6
18886,5
18887,6
18888,5
18889,6
18890,5
18891,5
18892,5
18893,5
18894,5
18895,5
18896,6
18897,6
18898,5
18899,6
18900,5
18901,5
18902,5
18903,6
18904,5
18905,5
18906,6
18907,5
18908,5
18909,7
18910,5
18911,5
18912,6
18913,5
18914,5
18915,5
18916,5
18917,6
18918,5
18919,5
18920,6
18921,5
18922,5
18923,5
18924,5
18925,7
18926,5
18927,6
18928,6
18929,5
18930,6
18931,6
18932,6
18933,6
18934,5
18935,6
18936,5
18937,5
18938,6
18939,5
18940,6
18941,5
18942,5
18943,6
18944,6
18945,6
18946,5
18947,5
18948,6
18949,6
18950,7
18951,6
18952,5
18953,6
18954,6
18955,5
18956,6
18957,5
18958,6
18959,5
18960,6
18961,5
18962,5
18963,6
18964,5
18965,5
18966,6
18967,6
18968,6
18969,6
18970,6
18971,6
18972,6
18973,6
18974,6
18975,5
18976,5
18977,5
18978,5
18979,5
18980,6
18981,5
18982,5
18983,6
18984,6
18985,6
18986,6
18987,5
18988,6
18989,6
18990,6
18991,6
18992,6
18993,6
18994,5
18995,6
18996,5
18997,6
18998,5
18999,5
19000,6
19001,5
19002,5
19003,5
19004,6
19005,6
19006,5
19007,6
19008,6
19009,6
19010,5
19011,5
19012,6
19013,6
19014,5
19015,6
19016,6
19017,5
19018,6
19019,6
19020,6
19021,6
19022,5
19023,6
19024,6
19025,5
19026,5
19027,5
19028,6
19029,5
19030,6
19031,5
19032,6
19033,5
19034,5
19035,5
19036,5
19037,5
19038,5
19039,7
19040,5
19041,5
19042,5
19043,6
19044,5
19045,5
19046,6
19047,5
19048,5
19049,5
19050,5
19051,5
19052,5
19053,5
19054,5
19055,6
19056,5
19057,6
19058,6
19059,5
19060,6
19061,5
19062,6
19063,6
19064,6
19065,5
19066,6
19067,6
19068,5
19069,6
19070,6
19071,5
19072,6
19073,5
19074,5
19075,5
19076,6
19077,5
19078,5
19079,6
19080,6
19081,6
19082,6
19083,5
19084,6
19085,5
19086,6
19087,6
19088,5
19089,5
19090,6
19091,5
19092,5
19093,6
19094,6
19095,6
19096,6
19097,6
19098,6
19099,6
19100,5
19101,6
19102,5
19103,5
19104,5
19105,5
19106,6
19107,5
19108,6
19109,5
19110,6
19111,5
19112,6
19113,5
19114,5
19115,5
19116,6
19117,5
19118,5
19119,5
19120,6
19121,6
19122,6
19123,5
19124,6
19125,5
19126,6
19127,5
19128,6
19129,5
19130,6
19131,5
19132,6
19133,5
19134,7
19135,5
19136,5
19137,6
19138,5
19139,5
19140,6
19141,5
19142,6
19143,5
19144,6
19145,6
19146,5
19147,6
19148,6
19149,6
19150,5
19151,6
19152,6
19153,5
19154,6
19155,6
19156,5
19157,5
19158,5
19159,6
19160,5
19161,6
19162,5
19163,6
19164,5
19165,5
19166,5
19167,5
19168,6
19169,6
19170,6
19171,6
19172,5
19173,6
19174,6
19175,6
19176,5
19177,5
19178,5
19179,7
19180,5
19181,5
19182,6
19183,6
19184,6
19185,6
19186,5
19187,5
19188,5
19189,6
19190,5
19191,5
19192,6
19193,6
19194,5
19195,5
19196,6
19197,6
19198,5
19199,6
19200,6
19201,6
19202,6
19203,5
19204,6
19205,5
19206,6
19207,6
19208,5
19209,6
19210,5
19211,5
19212,6
19213,6
19214,5
19215,5
19216,6
19217,5
19218,5
19219,5
19220,5
19221,6
19222,6
19223,5
19224,6
19225,6
19226,6
19227,5
19228,5
19229,6
19230,6
19231,5
19232,5
19233,5
19234,6
19235,6
19236,6
19237,6
19238,5
19239,5
19240,5
19241,5
19242,5
19243,5
19244,6
19245,5
19246,5
19247,6
19248,6
19249,6
19250,5
19251,6
19252,6
19253,5
19254,6
19255,5
19256,5
19257,5
19258,5
19259,5
19260,5
19261,5
19262,5
19263,5
19264,6
19265,5
19266,5
19267,6
19268,6
19269,5
19270,5
19271,5
19272,5
19273,6
19274,5
19275,5
19276,5
19277,6
19278,5
19279,5
19280,5
19281,6
19282,5
19283,5
19284,5
19285,5
19286,5
19287,6
19288,6
19289,7
19290,6
19291,5
19292,5
19293,5
19294,6
19295,5
19296,5
19297,5
19298,5
19299,5
19300,6
19301,5
19302,6
19303,5
19304,5
19305,5
19306,6
19307,5
19308,5
19309,5
19310,6
19311,5
19312,5
19313,5
19314,6
19315,5
19316,7
19317,5
19318,6
19319,5
19320,5
19321,7
19322,5
19323,6
19324,5
19325,5
19326,5
19327,5
19328,7
19329,5
19330,5
19331,5
19332,6
19333,5
19334,6
19335,5
19336,5
19337,6
19338,6
19339,5
19340,6
19341,6
19342,6
19343,6
19344,5
19345,5
19346,5
19347,5
19348,6
19349,5
19350,5
19351,5
19352,5
19353,5
19354,5
19355,5
19356,6
19357,6
19358,6
19359,6
19360,5
19361,5
19362,5
19363,6
19364,5
19365,5
19366,6
19367,6
19368,5
19369,5
19370,5
19371,5
19372,6
19373,6
19374,5
19375,5
19376,5
19377,5
19378,6
19379,6
19380,6
19381,5
19382,6
19383,5
19384,5
19385,5
19386,5
19387,6
19388,5
19389,6
19390,5
19391,6
19392,6
19393,5
19394,6
19395,5
19396,5
19397,5
19398,6
19399,5
19400,5
19401,5
19402,6
19403,5
19404,6
19405,6
19406,6
19407,6
19408,6
19409,6
19410,5
19411,7
19412,5
19413,5
19414,6
19415,6
19416,6
19417,5
19418,5
19419,5
19420,6
19421,6
19422,5
19423,6
19424,5
19425,5
19426,6
19427,5
19428,6
19429,6
19430,5
19431,5
19432,6
19433,6
19434,5
19435,5
19436,5
19437,6
19438,5
19439,6
19440,6
19441,6
19442,6
19443,6
19444,5
19445,5
19446,6
19447,6
19448,6
19449,5
19450,5
19451,6
19452,6
19453,6
19454,6
19455,6
19456,5
19457,6
19458,6
19459,5
19460,5
19461,5
19462,6
19463,5
19464,6
19465,5
19466,6
19467,5
19468,5
19469,5
19470,6
19471,5
19472,6
19473,6
19474,5
19475,5
19476,5
19477,6
19478,5
19479,6
19480,5
19481,6
19482,6
19483,5
19484,6
19485,6
19486,5
19487,6
19488,6
19489,5
19490,5
19491,5
19492,5
19493,6
19494,6
19495,6
19496,5
19497,6
19498,6
19499,5
19500,6
19501,5
19502,5
19503,6
19504,5
19505,6
19506,6
19507,5
19508,6
19509,6
19510,6
19511,6
19512,5
19513,5
19514,6
19515,5
19516,7
19517,5
19518,5
19519,5
19520,6
19521,5
19522,6
19523,5
19524,6
19525,5
19526,6
19527,6
19528,5
19529,6
19530,5
19531,5
19532,6
19533,6
19534,5
19535,6
19536,5
19537,5
19538,6
19539,6
19540,6
19541,5
19542,5
19543,5
19544,6
19545,5
19546,5
19547,6
19548,6
19549,6
19550,6
19551,5
19552,5
19553,6
19554,6
19555,6
19556,5
19557,5
19558,5
19559,6
19560,6
19561,5
19562,6
19563,5
19564,5
19565,6
19566,5
19567,5
19568,6
19569,5
19570,6
19571,5
19572,6
19573,6
19574,5
19575,5
19576,6
19577,5
19578,5
19579,6
19580,6
19581,5
19582,6
19583,6
19584,5
19585,6
19586,5
19587,5
19588,6
19589,5
19590,5
19591,7
19592,6
19593,5
19594,6
19595,5
19596,5
19597,5
19598,6
19599,5
19600,6
19601,6
19602,6
19603,6
19604,5
19605,7
19606,6
19607,6
19608,6
19609,5
19610,6
19611,5
19612,5
19613,5
19614,5
19615,6
19616,6
19617,6
19618,6
19619,6
19620,6
19621,6
19622,7
19623,5
19624,5
19625,5
19626,5
19627,5
19628,6
19629,5
19630,6
19631,5
19632,5
19633,6
19634,5
19635,5
19636,6
19637,6
19638,5
19639,6
19640,5
19641,5
19642,6
19643,5
19644,5
19645,5
19646,5
19647,5
19648,6
19649,6
19650,5
19651,5
19652,6
19653,6
19654,5
19655,6
19656,6
19657,6
19658,6
19659,5
19660,6
19661,6
19662,5
19663,6
19664,5
19665,5
19666,6
19667,6
19668,6
19669,6
19670,5
19671,6
19672,5
19673,5
19674,6
19675,5
19676,6
19677,5
19678,6
19679,6
19680,5
19681,6
19682,5
19683,5
19684,6
19685,5
19686,6
19687,6
19688,7
19689,5
19690,6
19691,5
19692,5
19693,6
19694,5
19695,5
19696,5
19697,5
19698,5
19699,6
19700,5
19701,6
19702,5
19703,6
19704,6
19705,6
19706,6
19707,5
19708,5
19709,6
19710,7
19711,5
19712,6
19713,5
19714,5
19715,6
19716,6
19717,5
19718,6
19719,6
19720,6
19721,5
19722,6
19723,6
19724,6
19725,6
19726,5
19727,6
19728,6
19729,5
19730,5
19731,5
19732,5
19733,5
19734,6
19735,6
19736,6
19737,5
19738,6
19739,5
19740,5
19741,5
19742,7
19743,5
19744,6
19745,6
19746,6
19747,6
19748,6
19749,5
19750,5
19751,6
19752,5
19753,6
19754,6
19755,6
19756,5
19757,6
19758,5
19759,5
19760,5
19761,5
19762,5
19763,5
19764,5
19765,6
19766,6
19767,5
19768,6
19769,6
19770,6
19771,5
19772,6
19773,5
19774,5
19775,6
19776,5
19777,6
19778,6
19779,5
19780,5
19781,5
19782,6
19783,5
19784,5
19785,6
19786,6
19787,6
19788,5
19789,5
19790,5
19791,5
19792,6
19793,6
19794,6
19795,5
19796,6
19797,5
19798,6
19799,6
19800,6
19801,5
19802,6
19803,6
19804,5
19805,5
19806,6
19807,5
19808,5
19809,5
19810,5
19811,6
19812,6
19813,5
19814,6
19815,6
19816,5
19817,5
19818,5
19819,5
19820,5
19821,5
19822,5
19823,6
19824,6
19825,6
19826,6
19827,6
19828,6
19829,5
19830,6
19831,6
19832,6
19833,5
19834,6
19835,5
19836,6
19837,6
19838,5
19839,6
19840,5
19841,5
19842,5
19843,5
19844,6
19845,6
19846,5
19847,5
19848,6
19849,6
19850,6
19851,5
19852,6
19853,6
19854,6
19855,5
19856,6
19857,5
19858,5
19859,5
19860,5
19861,5
19862,6
19863,5
19864,6
19865,5
19866,5
19867,5
19868,5
19869,5
19870,5
19871,6
19872,6
19873,5
19874,5
19875,5
19876,6
19877,5
19878,5
19879,5
19880,6
19881,6
19882,5
19883,6
19884,6
19885,5
19886,5
19887,5
19888,5
19889,5
19890,5
19891,5
19892,6
19893,6
19894,6
19895,6
19896,6
19897,6
19898,6
19899,5
19900,6
19901,6
19902,6
19903,6
19904,5
19905,5
19906,5
19907,6
19908,5
19909,6
19910,5
19911,5
19912,6
19913,6
19914,5
19915,5
19916,5
19917,6
19918,5
19919,5
19920,6
19921,5
19922,6
19923,5
19924,6
19925,5
19926,6
19927,6
19928,5
19929,6
19930,6
19931,6
19932,5
19933,5
19934,6
19935,5
19936,5
19937,6
19938,5
19939,5
19940,5
19941,6
19942,5
19943,6
19944,5
19945,6
19946,5
19947,5
19948,6
19949,6
19950,5
19951,6
19952,6
19953,5
19954,6
19955,5
19956,5
19957,5
19958,6
19959,5
19960,6
19961,5
19962,6
19963,6
19964,5
19965,5
19966,6
19967,6
19968,5
19969,5
19970,6
19971,6
19972,6
19973,6
19974,5
19975,6
19976,6
19977,5
19978,6
19979,5
19980,5
19981,6
19982,6
19983,6
19984,6
19985,5
19986,5
19987,5
19988,6
19989,5
19990,6
19991,7
19992,6
19993,5
19994,6
19995,6
19996,5
19997,5
19998,6
19999,5
20000,5
20001,5
20002,5
20003,6
20004,5
20005,5
20006,6
20007,6
20008,5
20009,6
20010,5
20011,5
20012,6
20013,5
20014,6
20015,6
20016,5
20017,5
20018,5
20019,6
20020,5
20021,6
20022,6
20023,5
20024,6
20025,6
20026,6
20027,5
20028,6
20029,6
20030,5
20031,5
20032,5
20033,6
20034,5
20035,6
20036,5
20037,5
20038,6
20039,5
20040,5
20041,6
20042,5
20043,6
20044,6
20045,6
20046,6
20047,5
20048,6
20049,5
20050,5
20051,6
20052,6
20053,6
20054,6
20055,6
20056,6
20057,6
20058,5
20059,6
20060,5
20061,5
20062,6
20063,5
20064,5
20065,6
20066,5
20067,6
20068,5
20069,5
20070,5
20071,6
20072,5
20073,5
20074,6
20075,7
20076,5
20077,6
20078,5
20079,5
20080,5
20081,6
20082,6
20083,6
20084,7
20085,5
20086,6
20087,5
20088,6
20089,5
20090,5
20091,6
20092,5
20093,6
20094,5
20095,5
20096,5
20097,5
20098,5
20099,5
20100,5
20101,6
20102,5
20103,5
20104,6
20105,6
20106,6
20107,6
20108,7
20109,5
20110,5
20111,5
20112,5
20113,5
20114,5
20115,6
20116,5
20117,5
20118,6
20119,5
20120,6
20121,5
20122,6
20123,6
20124,5
20125,6
20126,6
20127,5
20128,5
20129,5
20130,5
20131,5
20132,5
20133,5
20134,5
20135,5
20136,6
20137,5
20138,5
20139,5
20140,6
20141,5
20142,6
20143,6
20144,6
20145,6
20146,6
20147,5
20148,6
20149,6
20150,6
20151,5
20152,6
20153,5
20154,5
20155,6
20156,6
20157,5
20158,6
20159,5
20160,6
20161,6
20162,5
20163,6
20164,5
20165,6
20166,6
20167,5
20168,5
20169,5
20170,5
20171,5
20172,7
20173,6
20174,5
20175,5
20176,5
20177,6
20178,6
20179,6
20180,5
20181,5
20182,6
20183,6
20184,5
20185,5
20186,5
20187,6
20188,5
20189,5
20190,6
20191,6
20192,5
20193,6
20194,5
20195,6
20196,5
20197,5
20198,5
20199,6
20200,5
20201,5
20202,6
20203,5
20204,5
20205,6
20206,5
20207,5
20208,6
20209,6
20210,5
20211,5
20212,5
20213,6
20214,5
20215,5
20216,6
20217,5
20218,6
20219,5
20220,5
20221,5
20222,6
20223,6
20224,5
20225,6
20226,5
20227,5
20228,6
20229,5
20230,6
20231,5
20232,5
20233,5
20234,6
20235,7
20236,5
20237,5
20238,5
20239,7
20240,5
20241,6
20242,5
20243,5
20244,6
20245,6
20246,6
20247,5
20248,5
20249,6
20250,6
20251,5
20252,6
20253,5
20254,6
20255,5
20256,5
20257,5
20258,5
20259,5
20260,5
20261,5
20262,6
20263,6
20264,6
20265,5
20266,5
20267,5
20268,5
20269,5
20270,6
20271,6
20272,5
20273,5
20274,5
20275,6
20276,5
20277,5
20278,5
20279,6
20280,5
20281,5
20282,5
20283,5
20284,5
20285,6
20286,6
20287,6
20288,6
20289,6
20290,5
20291,6
20292,5
20293,6
20294,5
20295,5
20296,6
20297,6
20298,6
20299,5
20300,6
20301,5
20302,6
20303,5
20304,6
20305,5
20306,5
20307,6
20308,7
20309,6
20310,6
20311,5
20312,5
20313,7
20314,5
20315,5
20316,5
20317,6
20318,6
20319,6
20320,6
20321,5
20322,6
20323,5
20324,5
20325,5
20326,5
20327,7
20328,5
20329,5
20330,5
20331,5
20332,5
20333,6
20334,6
20335,5
20336,6
20337,6
20338,5
20339,6
20340,6
20341,6
20342,5
20343,5
20344,6
20345,5
20346,5
20347,5
20348,6
20349,5
20350,6
20351,5
20352,5
20353,5
20354,6
20355,6
20356,6
20357,5
20358,6
20359,7
20360,5
20361,6
20362,5
20363,6
20364,6
20365,6
20366,5
20367,6
20368,6
20369,5
20370,5
20371,5
20372,6
20373,5
20374,5
20375,6
20376,5
20377,6
20378,6
20379,6
20380,6
20381,6
20382,6
20383,6
20384,5
20385,5
20386,5
20387,5
20388,5
20389,5
20390,5
20391,6
20392,5
20393,5
20394,6
20395,5
20396,6
20397,6
20398,6
20399,5
20400,6
20401,6
20402,5
20403,6
20404,6
20405,6
20406,5
20407,5
20408,6
20409,5
20410,5
20411,6
20412,5
20413,6
20414,6
20415,5
20416,5
20417,6
20418,5
20419,5
20420,6
20421,6
20422,6
20423,5
20424,5
20425,5
20426,5
20427,5
20428,5
20429,6
20430,5
20431,5
20432,6
20433,6
20434,5
20435,5
20436,5
20437,6
20438,6
20439,6
20440,5
20441,5
20442,5
20443,5
20444,6
20445,5
20446,6
20447,5
20448,5
20449,6
20450,5
20451,5
20452,5
20453,5
20454,5
20455,5
20456,5
20457,5
20458,5
20459,6
20460,5
20461,6
20462,5
20463,5
20464,6
20465,5
20466,6
20467,6
20468,6
20469,5
20470,6
20471,6
20472,6
20473,7
20474,6
20475,5
20476,6
20477,6
20478,6
20479,6
20480,6
20481,6
20482,5
20483,5
20484,6
20485,6
20486,5
20487,6
20488,6
20489,5
20490,6
20491,5
20492,6
20493,5
20494,5
20495,5
20496,5
20497,6
20498,5
20499,6
20500,6
20501,5
20502,6
20503,5
20504,6
20505,6
20506,6
20507,6
20508,5
20509,6
20510,5
20511,6
20512,6
20513,6
20514,5
20515,6
20516,6
20517,5
20518,6
20519,6
20520,6
20521,5
20522,5
20523,5
20524,5
20525,5
20526,5
20527,6
20528,5
20529,6
20530,6
20531,6
20532,6
20533,6
20534,5
20535,5
20536,6
20537,6
20538,5
20539,5
20540,6
20541,6
20542,6
20543,6
20544,6
20545,5
20546,6
20547,5
20548,6
20549,5
20550,6
20551,6
20552,6
20553,6
20554,5
20555,5
20556,6
20557,6
20558,6
20559,6
20560,5
20561,5
20562,6
20563,6
20564,5
20565,5
20566,5
20567,5
20568,6
20569,6
20570,6
20571,6
20572,5
20573,6
20574,5
20575,6
20576,6
20577,5
20578,6
20579,6
20580,6
20581,5
20582,6
20583,6
20584,5
20585,6
20586,5
20587,5
20588,5
20589,6
20590,6
20591,6
20592,5
20593,5
20594,5
20595,6
20596,5
20597,6
20598,6
20599,5
20600,6
20601,6
20602,6
20603,5
20604,5
20605,6
20606,5
20607,5
20608,5
20609,6
20610,5
20611,5
20612,5
20613,5
20614,5
20615,6
20616,5
20617,5
20618,6
20619,5
20620,5
20621,6
20622,6
20623,6
20624,6
20625,5
20626,5
20627,5
20628,6
20629,6
20630,5
20631,5
20632,6
20633,5
20634,6
20635,6
20636,6
20637,6
20638,6
20639,6
20640,6
20641,5
20642,5
20643,5
20644,5
20645,5
20646,6
20647,6
20648,6
20649,6
20650,5
20651,6
20652,6
20653,5
20654,5
20655,6
20656,5
20657,6
20658,6
20659,6
20660,5
20661,6
20662,5
20663,5
20664,6
20665,5
20666,6
20667,6
20668,6
20669,5
20670,5
20671,6
20672,6
20673,5
20674,5
20675,6
20676,6
20677,6
20678,5
20679,5
20680,6
20681,6
20682,6
20683,6
20684,6
20685,6
20686,6
20687,6
20688,6
20689,5
20690,5
20691,6
20692,6
20693,6
20694,5
20695,5
20696,5
20697,5
20698,5
20699,6
20700,5
20701,6
20702,6
20703,6
20704,5
20705,6
20706,5
20707,6
20708,6
20709,5
20710,5
20711,6
20712,5
20713,5
20714,6
20715,5
20716,6
20717,5
20718,5
20719,6
20720,5
20721,5
20722,5
20723,5
20724,5
20725,5
20726,6
20727,5
20728,5
20729,5
20730,5
20731,6
20732,6
20733,5
20734,5
20735,6
20736,5
20737,6
20738,5
20739,6
20740,6
20741,5
20742,5
20743,5
20744,5
20745,6
20746,5
20747,5
20748,6
20749,5
20750,6
20751,5
20752,5
20753,5
20754,6
20755,6
20756,5
20757,5
20758,6
20759,5
20760,6
20761,6
20762,5
20763,6
20764,6
20765,6
20766,5
20767,6
20768,5
20769,6
20770,6
20771,6
20772,5
20773,6
20774,6
20775,6
20776,5
20777,5
20778,6
20779,6
20780,6
20781,5
20782,6
20783,5
20784,5
20785,5
20786,6
20787,5
20788,5
20789,6
20790,5
20791,5
20792,5
20793,5
20794,6
20795,5
20796,6
20797,5
20798,6
20799,6
20800,5
20801,5
20802,6
20803,6
20804,5
20805,6
20806,6
20807,5
20808,6
20809,5
20810,5
20811,5
20812,5
20813,6
20814,5
20815,5
20816,5
20817,6
20818,5
20819,5
20820,6
20821,5
20822,6
20823,6
20824,5
20825,5
20826,6
20827,5
20828,5
20829,5
20830,6
20831,6
20832,6
20833,6
20834,5
20835,6
20836,5
20837,6
20838,5
20839,6
20840,6
20841,5
20842,5
20843,5
20844,5
20845,6
20846,5
20847,5
20848,6
20849,5
20850,5
20851,5
20852,5
20853,5
20854,5
20855,6
20856,5
20857,6
20858,5
20859,5
20860,5
20861,5
20862,6
20863,6
20864,5
20865,6
20866,5
20867,6
20868,6
20869,6
20870,5
20871,6
20872,6
20873,5
20874,6
20875,6
20876,5
20877,5
20878,5
20879,5
20880,5
20881,6
20882,6
20883,6
20884,5
20885,6
20886,6
20887,5
20888,6
20889,6
20890,6
20891,6
20892,5
20893,5
20894,6
20895,5
20896,6
20897,5
20898,6
20899,5
20900,5
20901,5
20902,5
20903,6
20904,5
20905,5
20906,5
20907,6
20908,5
20909,5
20910,5
20911,6
20912,6
20913,6
20914,5
20915,6
20916,6
20917,5
20918,6
20919,5
20920,6
20921,5
20922,5
20923,5
20924,5
20925,5
20926,6
20927,6
20928,5
20929,5
20930,5
20931,5
20932,6
20933,5
20934,5
20935,6
20936,6
20937,5
20938,5
20939,6
20940,6
20941,6
20942,6
20943,5
20944,6
20945,6
20946,5
20947,6
20948,5
20949,6
20950,6
20951,5
20952,6
20953,6
20954,6
20955,5
20956,7
20957,6
20958,5
20959,5
20960,5
20961,6
20962,7
20963,6
20964,6
20965,5
20966,6
20967,6
20968,5
20969,5
20970,5
20971,7
20972,5
20973,6
20974,6
20975,6
20976,5
20977,6
20978,5
20979,5
20980,5
20981,6
20982,5
20983,5
20984,6
20985,5
20986,6
20987,5
20988,6
20989,6
20990,5
20991,5
20992,6
20993,6
20994,5
20995,5
20996,6
20997,5
20998,6
20999,6
21000,6
21001,6
21002,5
21003,6
21004,6
21005,6
21006,6
21007,6
21008,5
21009,5
21010,6
21011,6
21012,6
21013,5
21014,5
21015,6
21016,6
21017,5
21018,5
21019,5
21020,6
21021,5
21022,5
21023,6
21024,6
21025,5
21026,6
21027,6
21028,5
21029,5
21030,5
21031,6
21032,5
21033,6
21034,5
21035,5
21036,7
21037,5
21038,5
21039,5
21040,6
21041,5
21042,5
21043,6
21044,6
21045,5
21046,6
21047,6
21048,5
21049,6
21050,5
21051,6
21052,6
21053,6
21054,5
21055,5
21056,5
21057,6
21058,5
21059,5
21060,5
21061,6
21062,5
21063,5
21064,5
21065,5
21066,5
21067,5
21068,5
21069,6
21070,5
21071,6
21072,5
21073,6
21074,6
21075,6
21076,5
21077,5
21078,5
21079,5
21080,5
21081,5
21082,6
21083,5
21084,5
21085,6
21086,6
21087,6
21088,6
21089,6
21090,6
21091,6
21092,6
21093,5
21094,5
21095,5
21096,6
21097,5
21098,5
21099,5
21100,5
21101,5
21102,5
21103,6
21104,5
21105,5
21106,5
21107,6
21108,6
21109,6
21110,6
21111,5
21112,5
21113,7
21114,5
21115,6
21116,6
21117,5
21118,5
21119,5
21120,7
21121,5
21122,6
21123,5
21124,6
21125,5
21126,5
21127,6
21128,6
21129,6
21130,5
21131,5
21132,6
21133,5
21134,6
21135,5
21136,5
21137,6
21138,5
21139,5
21140,5
21141,6
21142,6
21143,6
21144,5
21145,5
21146,6
21147,5
21148,5
21149,6
21150,6
21151,6
21152,6
21153,5
21154,5
21155,5
21156,5
21157,6
21158,6
21159,5
21160,5
21161,5
21162,5
21163,6
21164,5
21165,5
21166,5
21167,5
21168,6
21169,6
21170,5
21171,6
21172,6
21173,5
21174,5
21175,6
21176,6
21177,6
21178,5
21179,5
21180,6
21181,6
21182,5
21183,5
21184,5
21185,5
21186,5
21187,6
21188,6
21189,5
21190,6
21191,6
21192,5
21193,5
21194,6
21195,6
21196,5
21197,6
21198,6
21199,5
21200,5
21201,5
21202,5
21203,6
21204,5
21205,5
21206,6
21207,5
21208,5
21209,5
21210,5
21211,5
21212,6
21213,5
21214,6
21215,5
21216,6
21217,6
21218,5
21219,6
21220,6
21221,6
21222,5
21223,6
21224,5
21225,5
21226,6
21227,5
21228,6
21229,6
21230,5
21231,5
21232,5
21233,6
21234,6
21235,6
21236,5
21237,5
21238,5
21239,5
21240,6
21241,5
21242,6
21243,6
21244,5
21245,6
21246,5
21247,5
21248,5
21249,6
21250,5
21251,5
21252,5
21253,6
21254,5
21255,6
21256,6
21257,5
21258,6
21259,6
21260,6
21261,5
21262,5
21263,6
21264,5
21265,6
21266,6
21267,5
21268,5
21269,6
21270,5
21271,6
21272,5
21273,5
21274,6
21275,6
21276,6
21277,5
21278,6
21279,5
21280,6
21281,6
21282,6
21283,7
21284,6
21285,5
21286,5
21287,5
21288,5
21289,5
21290,5
21291,6
21292,5
21293,5
21294,5
21295,5
21296,6
21297,6
21298,6
21299,6
21300,5
21301,5
21302,6
21303,6
21304,6
21305,6
21306,5
21307,6
21308,6
21309,5
21310,5
21311,5
21312,5
21313,6
21314,6
21315,5
21316,5
21317,6
21318,5
21319,6
21320,5
21321,5
21322,6
21323,6
21324,5
21325,6
21326,5
21327,5
21328,6
21329,6
21330,5
21331,5
21332,5
21333,5
21334,5
21335,6
21336,5
21337,6
21338,5
21339,5
21340,5
21341,5
21342,5
21343,6
21344,6
21345,5
21346,5
21347,6
21348,5
21349,5
21350,5
21351,6
21352,6
21353,6
21354,5
21355,5
21356,5
21357,6
21358,5
21359,6
21360,5
21361,6
21362,6
21363,5
21364,5
21365,7
21366,5
21367,5
21368,5
21369,6
21370,5
21371,5
21372,6
21373,5
21374,5
21375,6
21376,5
21377,6
21378,6
21379,5
21380,6
21381,5
21382,6
21383,5
21384,5
21385,6
21386,6
21387,5
21388,5
21389,6
21390,6
21391,5
21392,6
21393,5
21394,6
21395,5
21396,6
21397,6
21398,5
21399,6
21400,5
21401,5
21402,6
21403,7
21404,5
21405,5
21406,6
21407,6
21408,6
21409,6
21410,6
21411,5
21412,6
21413,6
21414,6
21415,6
21416,5
21417,6
21418,5
21419,6
21420,5
21421,6
21422,5
21423,5
21424,6
21425,5
21426,6
21427,5
21428,6
21429,6
21430,5
21431,6
21432,5
21433,6
21434,5
21435,6
21436,6
21437,5
21438,5
21439,6
21440,5
21441,6
21442,6
21443,5
21444,5
21445,5
21446,5
21447,5
21448,5
21449,5
21450,5
21451,5
21452,5
21453,6
21454,5
21455,5
21456,5
21457,6
21458,5
21459,6
21460,5
21461,5
21462,5
21463,6
21464,5
21465,5
21466,6
21467,5
21468,5
21469,5
21470,5
21471,6
21472,5
21473,5
21474,6
21475,6
21476,5
21477,5
21478,5
21479,6
21480,6
21481,6
21482,6
21483,5
21484,6
21485,6
21486,5
21487,6
21488,5
21489,5
21490,6
21491,6
21492,5
21493,6
21494,5
21495,5
21496,6
21497,5
21498,5
21499,6
21500,5
21501,5
21502,6
21503,5
21504,6
21505,5
21506,5
21507,6
21508,6
21509,6
21510,6
21511,5
21512,5
21513,5
21514,6
21515,5
21516,5
21517,6
21518,5
21519,5
21520,6
21521,5
21522,5
21523,6
21524,5
21525,5
21526,5
21527,6
21528,5
21529,6
21530,5
21531,5
21532,6
21533,5
21534,5
21535,6
21536,5
21537,6
21538,6
21539,5
21540,5
21541,5
21542,6
21543,5
21544,6
21545,6
21546,6
21547,5
21548,5
21549,6
21550,5
21551,5
21552,6
21553,5
21554,5
21555,5
21556,5
21557,5
21558,6
21559,5
21560,6
21561,5
21562,5
21563,5
21564,6
21565,6
21566,6
21567,6
21568,6
21569,5
21570,5
21571,5
21572,5
21573,5
21574,6
21575,5
21576,6
21577,6
21578,5
21579,5
21580,6
21581,5
21582,5
21583,5
21584,6
21585,6
21586,5
21587,6
21588,6
21589,6
21590,5
21591,6
21592,5
21593,6
21594,6
21595,5
21596,7
21597,6
21598,5
21599,6
21600,5
21601,5
21602,6
21603,5
21604,6
21605,6
21606,5
21607,5
21608,6
21609,5
21610,6
21611,5
21612,6
21613,5
21614,6
21615,5
21616,5
21617,5
21618,5
21619,6
21620,6
21621,5
21622,6
21623,6
21624,6
21625,6
21626,6
21627,6
21628,5
21629,5
21630,6
21631,6
21632,5
21633,6
21634,6
21635,6
21636,5
21637,5
21638,6
21639,6
21640,5
21641,5
21642,5
21643,5
21644,5
21645,6
21646,6
21647,6
21648,6
21649,6
21650,5
21651,5
21652,6
21653,5
21654,5
21655,5
21656,6
21657,5
21658,6
21659,5
21660,5
21661,5
21662,6
21663,6
21664,6
21665,6
21666,5
21667,5
21668,6
21669,5
21670,6
21671,6
21672,5
21673,5
21674,6
21675,5
21676,6
21677,6
21678,6
21679,5
21680,6
21681,5
21682,6
21683,5
21684,5
21685,5
21686,5
21687,5
21688,6
21689,6
21690,6
21691,5
21692,6
21693,5
21694,5
21695,5
21696,5
21697,6
21698,6
21699,5
21700,5
21701,5
21702,5
21703,6
21704,6
21705,5
21706,6
21707,5
21708,6
21709,5
21710,5
21711,5
21712,5
21713,6
21714,6
21715,5
21716,5
21717,5
21718,6
21719,6
21720,6
21721,6
21722,5
21723,6
21724,6
21725,6
21726,6
21727,6
21728,6
21729,5
21730,5
21731,6
21732,5
21733,5
21734,6
21735,6
21736,6
21737,5
21738,6
21739,6
21740,5
21741,6
21742,6
21743,6
21744,5
21745,5
21746,6
21747,6
21748,6
21749,5
21750,5
21751,6
21752,6
21753,5
21754,5
21755,5
21756,5
21757,6
21758,6
21759,6
21760,6
21761,6
21762,6
21763,6
21764,6
21765,5
21766,6
21767,5
21768,5
21769,5
21770,5
21771,5
21772,5
21773,5
21774,5
21775,6
21776,5
21777,5
21778,5
21779,5
21780,5
21781,5
21782,6
21783,5
21784,6
21785,6
21786,6
21787,6
21788,5
21789,6
21790,6
21791,6
21792,6
21793,5
21794,6
21795,6
21796,5
21797,6
21798,5
21799,6
21800,5
21801,6
21802,6
21803,5
21804,5
21805,5
21806,6
21807,5
21808,6
21809,6
21810,5
21811,6
21812,5
21813,5
21814,5
21815,5
21816,6
21817,5
21818,5
21819,5
21820,6
21821,6
21822,6
21823,5
21824,6
21825,5
21826,6
21827,6
21828,5
21829,6
21830,5
21831,5
21832,6
21833,5
21834,5
21835,5
21836,6
21837,5
21838,5
21839,6
21840,6
21841,5
21842,6
21843,5
21844,6
21845,6
21846,5
21847,5
21848,6
21849,5
21850,5
21851,6
21852,5
21853,6
21854,6
21855,6
21856,5
21857,5
21858,6
21859,6
21860,6
21861,6
21862,5
21863,6
21864,6
21865,6
21866,5
21867,6
21868,5
21869,5
21870,6
21871,6
21872,6
21873,6
21874,5
21875,6
21876,5
21877,5
21878,6
21879,6
21880,6
21881,5
21882,6
21883,5
21884,5
21885,5
21886,7
21887,5
21888,5
21889,5
21890,5
21891,5
21892,5
21893,5
21894,5
21895,6
21896,5
21897,5
21898,5
21899,6
21900,5
21901,5
21902,6
21903,6
21904,6
21905,6
21906,5
21907,5
21908,5
21909,6
21910,5
21911,5
21912,5
21913,5
21914,6
21915,5
21916,6
21917,5
21918,6
21919,5
21920,6
21921,5
21922,5
21923,5
21924,5
21925,6
21926,6
21927,5
21928,5
21929,6
21930,5
21931,6
21932,5
21933,6
21934,6
21935,5
21936,6
21937,5
21938,5
21939,6
21940,6
21941,5
21942,5
21943,6
21944,5
21945,5
21946,6
21947,5
21948,5
21949,5
21950,5
21951,6
21952,5
21953,6
21954,5
21955,5
21956,6
21957,5
21958,5
21959,5
21960,5
21961,5
21962,5
21963,6
21964,5
21965,5
21966,5
21967,6
21968,7
21969,6
21970,6
21971,5
21972,6
21973,6
21974,5
21975,5
21976,5
21977,6
21978,6
21979,5
21980,6
21981,5
21982,6
21983,6
21984,6
21985,6
21986,6
21987,5
21988,5
21989,6
21990,6
21991,6
21992,5
21993,6
21994,6
21995,5
21996,5
21997,6
21998,5
21999,6
22000,7
22001,6
22002,5
22003,5
22004,5
22005,5
22006,5
22007,6
22008,6
22009,5
22010,5
22011,5
22012,5
22013,5
22014,5
22015,6
22016,6
22017,5
22018,5
22019,6
22020,5
22021,5
22022,6
22023,5
22024,6
22025,6
22026,6
22027,6
22028,5
22029,6
22030,5
22031,6
22032,5
22033,5
22034,5
22035,6
22036,6
22037,5
22038,6
22039,6
22040,5
22041,5
22042,5
22043,6
22044,5
22045,5
22046,5
22047,5
22048,6
22049,5
22050,5
22051,6
22052,5
22053,5
22054,5
22055,5
22056,6
22057,5
22058,6
22059,6
22060,6
22061,5
22062,6
22063,5
22064,6
22065,5
22066,7
22067,6
22068,5
22069,6
22070,5
22071,5
22072,6
22073,6
22074,6
22075,5
22076,6
22077,5
22078,5
22079,5
22080,5
22081,6
22082,5
22083,5
22084,5
22085,6
22086,6
22087,5
22088,5
22089,6
22090,6
22091,6
22092,6
22093,6
22094,5
22095,5
22096,7
22097,5
22098,6
22099,6
22100,6
22101,5
22102,5
22103,6
22104,5
22105,5
22106,5
22107,6
22108,6
22109,5
22110,6
22111,5
22112,5
22113,5
22114,6
22115,5
22116,6
22117,5
22118,6
22119,6
22120,5
22121,5
22122,6
22123,6
22124,5
22125,6
22126,6
22127,6
22128,6
22129,6
22130,6
22131,6
22132,5
22133,5
22134,6
22135,6
22136,6
22137,5
22138,5
22139,5
22140,5
22141,6
22142,5
22143,6
22144,6
22145,5
22146,6
22147,6
22148,6
22149,5
22150,7
22151,5
22152,6
22153,6
22154,5
22155,5
22156,6
22157,6
22158,6
22159,5
22160,5
22161,5
22162,6
22163,5
22164,6
22165,5
22166,6
22167,5
22168,6
22169,5
22170,5
22171,6
22172,6
22173,5
22174,6
22175,6
22176,6
22177,5
22178,5
22179,5
22180,5
22181,5
22182,6
22183,5
22184,5
22185,6
22186,5
22187,5
22188,5
22189,6
22190,5
22191,5
22192,5
22193,5
22194,5
22195,6
22196,5
22197,6
22198,5
22199,5
22200,5
22201,6
22202,6
22203,5
22204,6
22205,5
22206,5
22207,6
22208,6
22209,6
22210,5
22211,6
22212,6
22213,6
22214,6
22215,6
22216,5
22217,5
22218,5
22219,5
22220,5
22221,5
22222,5
22223,6
22224,6
22225,5
22226,6
22227,6
22228,5
22229,6
22230,6
22231,6
22232,6
22233,6
22234,5
22235,5
22236,5
22237,6
22238,5
22239,5
22240,6
22241,5
22242,5
22243,5
22244,6
22245,6
22246,5
22247,5
22248,6
22249,6
22250,5
22251,6
22252,6
22253,5
22254,6
22255,6
22256,5
22257,6
22258,6
22259,5
22260,6
22261,6
22262,5
22263,6
22264,5
22265,6
22266,5
22267,5
22268,6
22269,5
22270,6
22271,5
22272,6
22273,6
22274,5
22275,5
22276,6
22277,6
22278,5
22279,6
22280,5
22281,5
22282,5
22283,5
22284,5
22285,5
22286,6
22287,5
22288,6
22289,5
22290,6
22291,5
22292,6
22293,5
22294,6
22295,5
22296,5
22297,6
22298,5
22299,6
22300,5
22301,5
22302,6
22303,5
22304,5
22305,7
22306,5
22307,6
22308,5
22309,5
22310,6
22311,6
22312,5
22313,5
22314,5
22315,6
22316,6
22317,5
22318,5
22319,5
22320,6
22321,6
22322,6
22323,6
22324,5
22325,5
22326,5
22327,5
22328,5
22329,5
22330,5
22331,5
22332,6
22333,5
22334,6
22335,5
22336,6
22337,6
22338,5
22339,5
22340,6
22341,6
22342,5
22343,5
22344,5
22345,5
22346,6
22347,5
22348,6
22349,5
22350,6
22351,5
22352,5
22353,5
22354,5
22355,6
22356,5
22357,6
22358,6
22359,5
22360,6
22361,6
22362,5
22363,6
22364,6
22365,5
22366,5
22367,5
22368,5
22369,6
22370,5
22371,5
22372,6
22373,5
22374,6
22375,5
22376,6
22377,6
22378,6
22379,6
22380,5
22381,5
22382,6
22383,6
22384,6
22385,6
22386,6
22387,5
22388,5
22389,5
22390,6
22391,6
22392,5
22393,5
22394,5
22395,5
22396,5
22397,6
22398,6
22399,6
22400,5
22401,5
22402,5
22403,5
22404,6
22405,6
22406,5
22407,5
22408,5
22409,6
22410,6
22411,6
22412,6
22413,5
22414,6
22415,5
22416,6
22417,5
22418,5
22419,6
22420,5
22421,5
22422,6
22423,5
22424,5
22425,6
22426,5
22427,6
22428,5
22429,6
22430,5
22431,6
22432,5
22433,5
22434,6
22435,6
22436,6
22437,6
22438,5
22439,5
22440,5
22441,6
22442,5
22443,6
22444,6
22445,6
22446,6
22447,6
22448,5
22449,5
22450,5
22451,5
22452,6
22453,6
22454,6
22455,5
22456,5
22457,6
22458,5
22459,6
22460,5
22461,6
22462,6
22463,6
22464,6
22465,6
22466,6
22467,5
22468,6
22469,6
22470,5
22471,5
22472,6
22473,6
22474,5
22475,5
22476,5
22477,5
22478,6
22479,6
22480,6
22481,6
22482,6
22483,6
22484,5
22485,5
22486,6
22487,6
22488,5
22489,6
22490,5
22491,6
22492,5
22493,6
22494,7
22495,6
22496,6
22497,6
22498,6
22499,5
22500,5
22501,5
22502,6
22503,5
22504,6
22505,6
22506,5
22507,6
22508,5
22509,6
22510,6
22511,5
22512,5
22513,6
22514,6
22515,5
22516,5
22517,6
22518,5
22519,6
22520,6
22521,5
22522,5
22523,5
22524,6
22525,6
22526,5
22527,6
22528,6
22529,6
22530,5
22531,5
22532,5
22533,5
22534,6
22535,6
22536,5
22537,5
22538,5
22539,6
22540,5
22541,5
22542,6
22543,5
22544,6
22545,5
22546,6
22547,6
22548,6
22549,5
22550,5
22551,5
22552,5
22553,6
22554,6
22555,6
22556,5
22557,5
22558,5
22559,5
22560,5
22561,6
22562,6
22563,5
22564,6
22565,5
22566,5
22567,5
22568,5
22569,6
22570,5
22571,5
22572,5
22573,6
22574,5
22575,6
22576,5
22577,6
22578,6
22579,6
22580,7
22581,5
22582,5
22583,5
22584,6
22585,5
22586,6
22587,6
22588,6
22589,5
22590,6
22591,5
22592,5
22593,5
22594,5
22595,6
22596,6
22597,5
22598,6
22599,6
22600,5
22601,6
22602,6
22603,6
22604,6
22605,5
22606,6
22607,6
22608,6
22609,6
22610,5
22611,5
22612,5
22613,5
22614,6
22615,5
22616,6
22617,5
22618,5
22619,6
22620,6
22621,6
22622,5
22623,5
22624,5
22625,5
22626,5
22627,6
22628,6
22629,5
22630,5
22631,6
22632,5
22633,6
22634,5
22635,5
22636,5
22637,6
22638,6
22639,6
22640,5
22641,6
22642,5
22643,5
22644,6
22645,5
22646,5
22647,6
22648,6
22649,6
22650,6
22651,5
22652,5
22653,7
22654,6
22655,6
22656,6
22657,6
22658,6
22659,6
22660,6
22661,5
22662,6
22663,5
22664,6
22665,7
22666,5
22667,6
22668,6
22669,5
22670,5
22671,6
22672,6
22673,6
22674,6
22675,5
22676,5
22677,5
22678,5
22679,5
22680,5
22681,6
22682,5
22683,6
22684,6
22685,5
22686,5
22687,6
22688,6
22689,6
22690,5
22691,5
22692,6
22693,6
22694,5
22695,6
22696,5
22697,6
22698,6
22699,6
22700,6
22701,6
22702,5
22703,5
22704,5
22705,5
22706,5
22707,5
22708,5
22709,5
22710,5
22711,5
22712,5
22713,5
22714,5
22715,5
22716,6
22717,5
22718,5
22719,5
22720,6
22721,6
22722,5
22723,6
22724,6
22725,5
22726,6
22727,5
22728,5
22729,5
22730,5
22731,6
22732,6
22733,6
22734,5
22735,5
22736,5
22737,6
22738,5
22739,5
22740,5
22741,6
22742,5
22743,5
22744,5
22745,6
22746,5
22747,6
22748,6
22749,5
22750,5
22751,5
22752,6
22753,6
22754,5
22755,7
22756,5
22757,6
22758,6
22759,6
22760,6
22761,5
22762,5
22763,5
22764,5
22765,5
22766,6
22767,5
22768,5
22769,5
22770,5
22771,5
22772,5
22773,5
22774,5
22775,6
22776,5
22777,5
22778,6
22779,6
22780,6
22781,6
22782,6
22783,6
22784,6
22785,6
22786,5
22787,5
22788,6
22789,5
22790,5
22791,6
22792,6
22793,5
22794,5
22795,5
22796,5
22797,5
22798,6
22799,6
22800,5
22801,5
22802,6
22803,5
22804,6
22805,5
22806,5
22807,5
22808,5
22809,6
22810,6
22811,6
22812,6
22813,6
22814,6
22815,5
22816,5
22817,5
22818,6
22819,6
22820,6
22821,5
22822,6
22823,6
22824,6
22825,5
22826,6
22827,5
22828,5
22829,5
22830,5
22831,6
22832,6
22833,6
22834,5
22835,6
22836,5
22837,6
22838,6
22839,5
22840,5
22841,5
22842,5
22843,6
22844,6
22845,6
22846,5
22847,5
22848,6
22849,6
22850,6
22851,5
22852,5
22853,6
22854,6
22855,6
22856,6
22857,5
22858,7
22859,6
22860,6
22861,5
22862,5
22863,6
22864,6
22865,6
22866,6
22867,5
22868,5
22869,5
22870,6
22871,5
22872,6
22873,5
22874,6
22875,5
22876,6
22877,5
22878,5
22879,5
22880,5
22881,6
22882,5
22883,6
22884,6
22885,5
22886,5
22887,5
22888,6
22889,5
22890,6
22891,5
22892,5
22893,5
22894,5
22895,6
22896,5
22897,5
22898,6
22899,6
22900,6
22901,6
22902,5
22903,6
22904,6
22905,5
22906,6
22907,6
22908,6
22909,5
22910,5
22911,5
22912,6
22913,7
22914,5
22915,6
22916,6
22917,5
22918,5
22919,6
22920,6
22921,5
22922,5
22923,6
22924,5
22925,5
22926,6
22927,5
22928,6
22929,6
22930,5
22931,5
22932,6
22933,5
22934,5
22935,6
22936,6
22937,5
22938,6
22939,6
22940,5
22941,6
22942,5
22943,5
22944,6
22945,5
22946,6
22947,6
22948,6
22949,5
22950,6
22951,5
22952,6
22953,5
22954,5
22955,5
22956,5
22957,6
22958,6
22959,5
22960,6
22961,5
22962,5
22963,5
22964,6
22965,6
22966,6
22967,5
22968,5
22969,5
22970,6
22971,5
22972,6
22973,6
22974,6
22975,5
22976,6
22977,6
22978,5
22979,5
22980,6
22981,5
22982,5
22983,5
22984,5
22985,5
22986,6
22987,6
22988,5
22989,5
22990,5
22991,6
22992,6
22993,5
22994,5
22995,5
22996,5
22997,6
22998,5
22999,5
23000,6
23001,6
23002,5
23003,6
23004,5
23005,5
23006,5
23007,5
23008,5
23009,5
23010,5
23011,5
23012,5
23013,5
23014,5
23015,5
23016,5
23017,5
23018,6
23019,6
23020,5
23021,6
23022,5
23023,6
23024,5
23025,5
23026,6
23027,5
23028,5
23029,5
23030,6
23031,6
23032,5
23033,5
23034,5
23035,6
23036,6
23037,5
23038,6
23039,5
23040,5
23041,5
23042,5
23043,6
23044,5
23045,7
23046,5
23047,6
23048,6
23049,5
23050,6
23051,6
23052,6
23053,6
23054,5
23055,5
23056,5
23057,6
23058,5
23059,5
23060,5
23061,6
23062,5
23063,5
23064,7
23065,5
23066,6
23067,5
23068,5
23069,6
23070,6
23071,5
23072,6
23073,5
23074,5
23075,5
23076,6
23077,5
23078,5
23079,6
23080,5
23081,5
23082,5
23083,6
23084,5
23085,6
23086,6
23087,5
23088,5
23089,6
23090,5
23091,5
23092,5
23093,6
23094,7
23095,6
23096,5
23097,6
23098,5
23099,6
23100,6
23101,6
23102,6
23103,5
23104,6
23105,6
23106,5
23107,5
23108,6
23109,5
23110,5
23111,5
23112,5
23113,5
23114,5
23115,6
23116,5
23117,6
23118,5
23119,5
23120,5
23121,6
23122,6
23123,5
23124,6
23125,5
23126,6
23127,5
23128,6
23129,6
23130,6
23131,6
23132,6
23133,6
23134,5
23135,6
23136,5
23137,6
23138,5
23139,5
23140,5
23141,6
23142,6
23143,6
23144,6
23145,6
23146,5
23147,5
23148,6
23149,6
23150,6
23151,5
23152,6
23153,6
23154,5
23155,6
23156,6
23157,6
23158,5
23159,5
23160,6
23161,6
23162,6
23163,6
23164,5
23165,5
23166,5
23167,6
23168,5
23169,6
23170,6
23171,6
23172,5
23173,5
23174,5
23175,6
23176,5
23177,7
23178,6
23179,5
23180,5
23181,5
23182,5
23183,5
23184,5
23185,5
23186,5
23187,5
23188,6
23189,5
23190,6
23191,6
23192,5
23193,5
23194,5
23195,6
23196,6
23197,5
23198,6
23199,6
23200,6
23201,6
23202,6
23203,6
23204,6
23205,6
23206,5
23207,5
23208,6
23209,6
23210,5
23211,6
23212,6
23213,5
23214,6
23215,6
23216,5
23217,6
23218,5
23219,5
23220,6
23221,6
23222,5
23223,5
23224,5
23225,6
23226,5
23227,6
23228,5
23229,5
23230,5
23231,5
23232,5
23233,5
23234,5
23235,6
23236,5
23237,6
23238,5
23239,5
23240,5
23241,6
23242,5
23243,6
23244,5
23245,6
23246,6
23247,6
23248,5
23249,5
23250,6
23251,6
23252,5
23253,5
23254,7
23255,6
23256,6
23257,6
23258,5
23259,6
23260,6
23261,6
23262,6
23263,5
23264,5
23265,6
23266,6
23267,5
23268,5
23269,6
23270,5
23271,6
23272,5
23273,5
23274,6
23275,7
23276,5
23277,6
23278,6
23279,5
23280,5
23281,5
23282,5
23283,5
23284,6
23285,6
23286,5
23287,7
23288,5
23289,6
23290,6
23291,5
23292,6
23293,5
23294,5
23295,5
23296,6
23297,6
23298,5
23299,6
23300,6
23301,6
23302,6
23303,6
23304,6
23305,6
23306,6
23307,5
23308,6
23309,6
23310,5
23311,6
23312,6
23313,5
23314,6
23315,6
23316,6
23317,5
23318,6
23319,6
23320,5
23321,6
23322,5
23323,6
23324,5
23325,6
23326,6
23327,5
23328,5
23329,6
23330,5
23331,6
23332,5
23333,5
23334,6
23335,6
23336,5
23337,6
23338,5
23339,5
23340,6
23341,6
23342,5
23343,6
23344,5
23345,5
23346,6
23347,6
23348,6
23349,5
23350,5
23351,5
23352,6
23353,6
23354,6
23355,5
23356,6
23357,5
23358,6
23359,5
23360,5
23361,6
23362,5
23363,5
23364,6
23365,5
23366,5
23367,6
23368,6
23369,5
23370,5
23371,6
23372,5
23373,5
23374,6
23375,5
23376,6
23377,6
23378,6
23379,5
23380,6
23381,6
23382,5
23383,5
23384,6
23385,6
23386,6
23387,5
23388,5
23389,5
23390,6
23391,5
23392,6
23393,5
23394,5
23395,5
23396,5
23397,5
23398,7
23399,5
23400,5
23401,5
23402,5
23403,6
23404,5
23405,6
23406,6
23407,6
23408,5
23409,5
23410,5
23411,7
23412,6
23413,5
23414,5
23415,6
23416,5
23417,5
23418,5
23419,5
23420,6
23421,6
23422,5
23423,5
23424,6
23425,5
23426,5
23427,6
23428,6
23429,5
23430,5
23431,6
23432,6
23433,5
23434,5
23435,6
23436,6
23437,5
23438,5
23439,6
23440,6
23441,5
23442,5
23443,6
23444,5
23445,5
23446,5
23447,5
23448,6
23449,5
23450,5
23451,5
23452,6
23453,5
23454,5
23455,5
23456,5
23457,6
23458,6
23459,5
23460,5
23461,5
23462,5
23463,5
23464,6
23465,5
23466,5
23467,6
23468,6
23469,6
23470,6
23471,5
23472,5
23473,5
23474,6
23475,5
23476,6
23477,5
23478,5
23479,5
23480,6
23481,6
23482,5
23483,6
23484,5
23485,6
23486,6
23487,5
23488,5
23489,5
23490,6
23491,6
23492,6
23493,6
23494,5
23495,6
23496,6
23497,5
23498,6
23499,6
23500,6
23501,5
23502,5
23503,5
23504,6
23505,5
23506,6
23507,6
23508,5
23509,5
23510,6
23511,6
23512,5
23513,5
23514,7
23515,6
23516,6
23517,6
23518,6
23519,6
23520,6
23521,6
23522,5
23523,6
23524,6
23525,5
23526,6
23527,7
23528,6
23529,5
23530,5
23531,5
23532,6
23533,6
23534,6
23535,5
23536,5
23537,5
23538,5
23539,6
23540,5
23541,6
23542,6
23543,5
23544,5
23545,6
23546,6
23547,5
23548,5
23549,5
23550,5
23551,5
23552,5
23553,5
23554,5
23555,6
23556,6
23557,6
23558,6
23559,6
23560,6
23561,7
23562,6
23563,5
23564,6
23565,5
23566,6
23567,7
23568,6
23569,5
23570,6
23571,5
23572,5
23573,5
23574,5
23575,5
23576,6
23577,5
23578,7
23579,6
23580,5
23581,5
23582,5
23583,6
23584,6
23585,6
23586,5
23587,6
23588,6
23589,6
23590,6
23591,5
23592,5
23593,6
23594,5
23595,6
23596,5
23597,5
23598,6
23599,7
23600,5
23601,5
23602,5
23603,6
23604,5
23605,5
23606,6
23607,5
23608,5
23609,5
23610,6
23611,5
23612,6
23613,5
23614,6
23615,6
23616,6
23617,5
23618,6
23619,5
23620,5
23621,5
23622,5
23623,6
23624,5
23625,5
23626,6
23627,6
23628,6
23629,5
23630,6
23631,6
23632,6
23633,5
23634,6
23635,5
23636,6
23637,6
23638,5
23639,5
23640,5
23641,5
23642,5
23643,5
23644,6
23645,5
23646,5
23647,6
23648,6
23649,5
23650,5
23651,5
23652,5
23653,5
23654,6
23655,5
23656,6
23657,6
23658,6
23659,6
23660,5
23661,6
23662,6
23663,5
23664,6
23665,6
23666,5
23667,5
23668,5
23669,6
23670,5
23671,5
23672,6
23673,5
23674,6
23675,6
23676,5
23677,5
23678,5
23679,5
23680,5
23681,6
23682,6
23683,5
23684,6
23685,6
23686,5
23687,6
23688,5
23689,5
23690,5
23691,6
23692,6
23693,5
23694,6
23695,5
23696,5
23697,6
23698,5
23699,6
23700,5
23701,6
23702,6
23703,5
23704,6
23705,6
23706,7
23707,6
23708,6
23709,6
23710,6
23711,6
23712,5
23713,5
23714,6
23715,5
23716,6
23717,5
23718,6
23719,5
23720,6
23721,5
23722,5
23723,5
23724,5
23725,5
23726,5
23727,5
23728,5
23729,6
23730,5
23731,6
23732,6
23733,7
23734,6
23735,6
23736,5
23737,6
23738,5
23739,5
23740,5
23741,5
23742,6
23743,5
23744,6
23745,5
23746,5
23747,6
23748,5
23749,5
23750,6
23751,6
23752,6
23753,5
23754,5
23755,6
23756,5
23757,5
23758,6
23759,5
23760,6
23761,6
23762,5
23763,6
23764,5
23765,5
23766,5
23767,5
23768,6
23769,5
23770,6
23771,5
23772,6
23773,5
23774,5
23775,6
23776,5
23777,6
23778,6
23779,6
23780,6
23781,5
23782,5
23783,6
23784,6
23785,6
23786,6
23787,5
23788,6
23789,5
23790,5
23791,5
23792,5
23793,6
23794,5
23795,6
23796,5
23797,6
23798,6
23799,7
23800,5
23801,6
23802,5
23803,6
23804,5
23805,5
23806,5
23807,6
23808,5
23809,6
23810,5
23811,6
23812,7
23813,5
23814,5
23815,5
23816,6
23817,5
23818,5
23819,6
23820,5
23821,5
23822,5
23823,5
23824,6
23825,6
23826,6
23827,6
23828,5
23829,5
23830,5
23831,5
23832,6
23833,6
23834,6
23835,6
23836,5
23837,6
23838,6
23839,6
23840,6
23841,5
23842,5
23843,5
23844,5
23845,5
23846,6
23847,6
23848,6
23849,6
23850,5
23851,5
23852,5
23853,6
23854,5
23855,6
23856,6
23857,5
23858,6
23859,5
23860,6
23861,5
23862,6
23863,5
23864,5
23865,6
23866,5
23867,7
23868,6
23869,5
23870,6
23871,5
23872,6
23873,5
23874,6
23875,5
23876,5
23877,5
23878,6
23879,6
23880,6
23881,6
23882,5
23883,6
23884,5
23885,5
23886,6
23887,6
23888,6
23889,5
23890,6
23891,5
23892,5
23893,6
23894,6
23895,5
23896,5
23897,5
23898,6
23899,6
23900,5
23901,5
23902,5
23903,5
23904,5
23905,5
23906,5
23907,6
23908,5
23909,6
23910,6
23911,5
23912,5
23913,6
23914,5
23915,5
23916,5
23917,6
23918,5
23919,5
23920,6
23921,6
23922,6
23923,6
23924,6
23925,6
23926,6
23927,6
23928,5
23929,6
23930,5
23931,5
23932,6
23933,7
23934,5
23935,6
23936,6
23937,6
23938,6
23939,6
23940,5
23941,5
23942,6
23943,5
23944,5
23945,5
23946,5
23947,6
23948,6
23949,5
23950,5
23951,5
23952,6
23953,6
23954,6
23955,5
23956,6
23957,6
23958,6
23959,6
23960,6
23961,5
23962,5
23963,7
23964,6
23965,5
23966,6
23967,5
23968,5
23969,5
23970,5
23971,5
23972,5
23973,5
23974,5
23975,6
23976,6
23977,6
23978,6
23979,5
23980,6
23981,5
23982,6
23983,6
23984,5
23985,6
23986,6
23987,6
23988,6
23989,5
23990,6
23991,5
23992,5
23993,5
23994,7
23995,6
23996,5
23997,5
23998,6
23999,6
24000,5
24001,6
24002,5
24003,6
24004,6
24005,6
24006,5
24007,6
24008,6
24009,6
24010,6
24011,5
24012,5
24013,5
24014,6
24015,5
24016,5
24017,6
24018,6
24019,5
24020,6
24021,6
24022,5
24023,6
24024,6
24025,5
24026,5
24027,5
24028,5
24029,6
24030,6
24031,5
24032,5
24033,6
24034,5
24035,5
24036,6
24037,6
24038,5
24039,6
24040,6
24041,6
24042,6
24043,6
24044,5
24045,6
24046,6
24047,5
24048,5
24049,5
24050,5
24051,6
24052,5
24053,5
24054,5
24055,5
24056,5
24057,6
24058,5
24059,5
24060,5
24061,6
24062,5
24063,6
24064,6
24065,6
24066,6
24067,5
24068,5
24069,5
24070,5
24071,6
24072,6
24073,5
24074,6
24075,5
24076,5
24077,5
24078,6
24079,5
24080,6
24081,5
24082,6
24083,5
24084,6
24085,5
24086,5
24087,6
24088,5
24089,5
24090,5
24091,6
24092,5
24093,6
24094,6
24095,5
24096,5
24097,5
24098,6
24099,5
24100,5
24101,5
24102,6
24103,6
24104,6
24105,6
24106,5
24107,5
24108,6
24109,6
24110,6
24111,5
24112,6
24113,5
24114,6
24115,6
24116,5
24117,6
24118,6
24119,6
24120,6
24121,5
24122,5
24123,5
24124,5
24125,5
24126,6
24127,6
24128,6
24129,5
24130,6
24131,6
24132,5
24133,6
24134,6
24135,6
24136,6
24137,6
24138,6
24139,5
24140,6
24141,6
24142,5
24143,5
24144,6
24145,6
24146,6
24147,6
24148,5
24149,6
24150,5
24151,5
24152,5
24153,6
24154,5
24155,5
24156,6
24157,5
24158,5
24159,6
24160,6
24161,6
24162,5
24163,5
24164,7
24165,6
24166,5
24167,5
24168,6
24169,5
24170,5
24171,6
24172,6
24173,5
24174,6
24175,5
24176,5
24177,6
24178,6
24179,6
24180,5
24181,6
24182,5
24183,6
24184,5
24185,6
24186,6
24187,6
24188,5
24189,5
24190,5
24191,5
24192,5
24193,5
24194,6
24195,6
24196,6
24197,5
24198,5
24199,6
24200,5
24201,6
24202,5
24203,5
24204,5
24205,5
24206,5
24207,6
24208,5
24209,6
24210,6
24211,5
24212,6
24213,5
24214,5
24215,5
24216,5
24217,5
24218,5
24219,6
24220,5
24221,6
24222,6
24223,5
24224,6
24225,6
24226,5
24227,5
24228,5
24229,6
24230,5
24231,6
24232,6
24233,5
24234,5
24235,6
24236,6
24237,6
24238,5
24239,6
24240,5
24241,6
24242,5
24243,6
24244,6
24245,6
24246,6
24247,6
24248,5
24249,6
24250,5
24251,5
24252,6
24253,5
24254,5
24255,6
24256,5
24257,6
24258,5
24259,7
24260,5
24261,5
24262,6
24263,5
24264,5
24265,5
24266,6
24267,6
24268,6
24269,6
24270,6
24271,6
24272,5
24273,5
24274,5
24275,5
24276,6
24277,5
24278,5
24279,6
24280,7
24281,6
24282,5
24283,6
24284,5
24285,6
24286,5
24287,7
24288,6
24289,5
24290,5
24291,5
24292,6
24293,5
24294,5
24295,6
24296,6
24297,5
24298,6
24299,5
24300,6
24301,5
24302,6
24303,5
24304,6
24305,5
24306,5
24307,5
24308,5
24309,5
24310,5
24311,5
24312,5
24313,5
24314,5
24315,5
24316,6
24317,6
24318,5
24319,5
24320,5
24321,5
24322,5
24323,6
24324,6
24325,6
24326,5
24327,6
24328,5
24329,5
24330,6
24331,5
24332,5
24333,6
24334,5
24335,5
24336,6
24337,6
24338,5
24339,6
24340,5
24341,6
24342,6
24343,6
24344,6
24345,5
24346,6
24347,6
24348,5
24349,6
24350,7
24351,5
24352,5
24353,6
24354,5
24355,5
24356,6
24357,6
24358,6
24359,5
24360,7
24361,5
24362,6
24363,6
24364,6
24365,5
24366,5
24367,6
24368,5
24369,5
24370,5
24371,6
24372,6
24373,5
24374,5
24375,6
24376,5
24377,6
24378,5
24379,6
24380,5
24381,6
24382,6
24383,6
24384,6
24385,5
24386,6
24387,5
24388,5
24389,6
24390,5
24391,6
24392,5
24393,5
24394,5
24395,5
24396,5
24397,7
24398,5
24399,6
24400,6
24401,5
24402,6
24403,6
24404,5
24405,5
24406,5
24407,5
24408,6
24409,5
24410,5
24411,5
24412,5
24413,5
24414,5
24415,6
24416,5
24417,5
24418,6
24419,5
24420,6
24421,5
24422,5
24423,5
24424,5
24425,5
24426,5
24427,5
24428,5
24429,6
24430,6
24431,5
24432,5
24433,5
24434,6
24435,6
24436,5
24437,5
24438,6
24439,6
24440,5
24441,6
24442,6
24443,5
24444,6
24445,5
24446,6
24447,5
24448,7
24449,6
24450,6
24451,5
24452,6
24453,5
24454,5
24455,5
24456,5
24457,5
24458,6
24459,5
24460,6
24461,5
24462,5
24463,6
24464,6
24465,6
24466,5
24467,5
24468,5
24469,5
24470,6
24471,6
24472,6
24473,5
24474,5
24475,5
24476,6
24477,6
24478,6
24479,5
24480,5
24481,6
24482,5
24483,5
24484,6
24485,6
24486,5
24487,5
24488,5
24489,5
24490,6
24491,6
24492,5
24493,6
24494,5
24495,6
24496,6
24497,6
24498,6
24499,5
24500,5
24501,5
24502,5
24503,5
24504,5
24505,6
24506,6
24507,6
24508,5
24509,6
24510,5
24511,6
24512,5
24513,5
24514,6
24515,5
24516,6
24517,5
24518,5
24519,7
24520,5
24521,5
24522,5
24523,5
24524,6
24525,5
24526,5
24527,6
24528,6
24529,5
24530,6
24531,5
24532,5
24533,6
24534,5
24535,6
24536,5
24537,6
24538,6
24539,5
24540,5
24541,5
24542,6
24543,5
24544,5
24545,6
24546,6
24547,6
24548,6
24549,5
24550,6
24551,5
24552,5
24553,5
24554,5
24555,5
24556,5
24557,5
24558,5
24559,5
24560,5
24561,5
24562,5
24563,6
24564,6
24565,5
24566,6
24567,5
24568,6
24569,6
24570,6
24571,6
24572,5
24573,6
24574,6
24575,5
24576,6
24577,5
24578,6
24579,5
24580,6
24581,5
24582,6
24583,5
24584,5
24585,5
24586,6
24587,5
24588,6
24589,6
24590,6
24591,5
24592,6
24593,5
24594,5
24595,5
24596,6
24597,6
24598,6
24599,6
24600,5
24601,5
24602,5
24603,6
24604,5
24605,5
24606,5
24607,5
24608,6
24609,5
24610,6
24611,5
24612,5
24613,6
24614,6
24615,6
24616,5
24617,6
24618,6
24619,5
24620,5
24621,5
24622,5
24623,6
24624,5
24625,6
24626,5
24627,6
24628,5
24629,5
24630,6
24631,6
24632,5
24633,6
24634,5
24635,7
24636,6
24637,6
24638,6
24639,6
24640,6
24641,6
24642,6
24643,5
24644,5
24645,5
24646,6
24647,5
24648,6
24649,6
24650,6
24651,5
24652,5
24653,5
24654,5
24655,5
24656,5
24657,6
24658,6
24659,5
24660,5
24661,6
24662,6
24663,5
24664,6
24665,6
24666,5
24667,6
24668,5
24669,5
24670,5
24671,5
24672,6
24673,5
24674,5
24675,6
24676,6
24677,6
24678,5
24679,5
24680,5
24681,6
24682,6
24683,5
24684,5
24685,6
24686,5
24687,5
24688,5
24689,6
24690,5
24691,5
24692,6
24693,5
24694,5
24695,5
24696,5
24697,6
24698,5
24699,5
24700,5
24701,5
24702,5
24703,6
24704,5
24705,6
24706,6
24707,6
24708,5
24709,6
24710,6
24711,6
24712,5
24713,5
24714,5
24715,5
24716,6
24717,5
24718,5
24719,5
24720,6
24721,5
24722,5
24723,5
24724,6
24725,6
24726,5
24727,5
24728,5
24729,6
24730,6
24731,5
24732,6
24733,6
24734,5
24735,5
24736,6
24737,6
24738,5
24739,5
24740,7
24741,5
24742,6
24743,5
24744,6
24745,6
24746,6
24747,6
24748,6
24749,6
24750,6
24751,5
24752,5
24753,6
24754,5
24755,6
24756,5
24757,5
24758,6
24759,5
24760,6
24761,5
24762,6
24763,5
24764,6
24765,6
24766,5
24767,6
24768,5
24769,6
24770,6
24771,5
24772,6
24773,5
24774,6
24775,6
24776,6
24777,5
24778,5
24779,6
24780,5
24781,6
24782,5
24783,6
24784,5
24785,6
24786,6
24787,5
24788,5
24789,6
24790,5
24791,6
24792,5
24793,5
24794,6
24795,6
24796,5
24797,6
24798,6
24799,5
24800,6
24801,6
24802,5
24803,6
24804,6
24805,5
24806,5
24807,5
24808,6
24809,5
24810,6
24811,5
24812,6
24813,5
24814,5
24815,6
24816,5
24817,6
24818,5
24819,6
24820,6
24821,5
24822,5
24823,6
24824,6
24825,5
24826,5
24827,5
24828,6
24829,5
24830,6
24831,5
24832,6
24833,5
24834,6
24835,6
24836,6
24837,5
24838,6
24839,7
24840,5
24841,6
24842,6
24843,6
24844,5
24845,5
24846,6
24847,5
24848,6
24849,5
24850,5
24851,5
24852,5
24853,6
24854,6
24855,5
24856,5
24857,6
24858,5
24859,5
24860,5
24861,5
24862,6
24863,5
24864,6
24865,5
24866,5
24867,6
24868,5
24869,6
24870,5
24871,6
24872,5
24873,6
24874,5
24875,5
24876,6
24877,6
24878,6
24879,5
24880,5
24881,6
24882,5
24883,6
24884,6
24885,5
24886,6
24887,5
24888,6
24889,6
24890,6
24891,5
24892,5
24893,5
24894,6
24895,6
24896,5
24897,5
24898,6
24899,5
24900,5
24901,5
24902,5
24903,6
24904,5
24905,5
24906,5
24907,5
24908,5
24909,6
24910,6
24911,6
24912,6
24913,5
24914,5
24915,6
24916,6
24917,6
24918,6
24919,5
24920,5
24921,5
24922,5
24923,6
24924,6
24925,6
24926,6
24927,5
24928,5
24929,5
24930,6
24931,6
24932,5
24933,6
24934,6
24935,5
24936,6
24937,5
24938,5
24939,6
24940,5
24941,5
24942,5
24943,5
24944,6
24945,6
24946,6
24947,6
24948,5
24949,6
24950,5
24951,5
24952,6
24953,5
24954,5
24955,6
24956,5
24957,6
24958,5
24959,5
24960,6
24961,5
24962,5
24963,6
24964,5
24965,6
24966,5
24967,6
24968,5
24969,5
24970,5
24971,5
24972,6
24973,5
24974,5
24975,5
24976,5
24977,7
24978,6
24979,5
24980,6
24981,5
24982,5
24983,5
24984,5
24985,5
24986,6
24987,6
24988,6
24989,5
24990,5
24991,5
24992,5
24993,5
24994,5
24995,5
24996,5
24997,5
24998,6
24999,6
